Time,Data
741,1.631283
423049,1.639452
816394,1.636720
1208351,1.640544
1599011,1.624723
1989542,1.629561
2382610,1.630337
2773993,1.637119
3168412,1.632148
3563480,1.643797
5430247,1.640401
5825962,1.649947
6225549,1.642282
6621820,1.627019
7015406,1.637362
7412696,1.640960
7808635,1.639777
8202462,1.623419
11331912,1.642099
11727942,1.641782
12932905,1.643638
13327047,1.645687
13722281,1.632419
14115608,1.636271
14507602,1.636755
14898984,1.635842
15294663,1.630236
15687546,1.636166
16079243,1.624376
16471070,1.642034
16863490,1.636344
17255854,1.640825
17647144,1.643005
18038712,1.634976
18430817,1.641215
18822200,1.635349
19215027,1.632557
19607224,1.649934
19998977,1.638832
20391563,1.645323
20782724,1.640522
21173236,1.622635
21565897,1.626193
21956372,1.618937
22347347,1.637179
22738822,1.640325
23131723,1.628873
23523680,1.613774
23914341,1.614262
24305631,1.629099
24697013,1.629672
25088118,1.632911
25479408,1.626801
27185140,1.638996
27605837,1.649494
28015683,1.642837
28423695,1.646735
28824207,1.645950
29227737,1.634704
29639323,1.642639
30046558,1.648105
31207706,1.640181
31620903,1.647482
33171360,1.645972
33609038,1.647565
34025587,1.645134
34433395,1.660086
34840981,1.651328
35296511,1.655898
35702208,1.639883
36116238,1.650273
36523510,1.619948
36932540,1.645374
38424794,1.635230
38848602,1.639753
39294873,1.656190
39688533,1.633775
40083249,1.637967
40476317,1.641567
40868311,1.627883
41260323,1.634128
41654132,1.634246
42049496,1.614549
42442489,1.643194
42841094,1.641200
43325253,1.642488
43742191,1.629756
44162295,1.628598
44578270,1.620602
44989449,1.645777
45404035,1.636888
45819880,1.630755
46236503,1.629760
46661681,1.630902
47078341,1.624418
47598815,1.628453
48017678,1.631160
48436394,1.636470
48843517,1.623504
49238085,1.635612
49630060,1.632695
50022942,1.647892
50415029,1.630320
50807911,1.628541
51207998,1.635256
51599621,1.621092
51992837,1.630984
52422682,1.632362
52815065,1.631283
53206521,1.641876
53599089,1.646330
53994620,1.639646
54392188,1.645224
54784663,1.647303
55178916,1.649691
55577298,1.663317
55969811,1.658167
56361934,1.642767
56755039,1.645921
57155273,1.637819
57555433,1.650986
57962408,1.640005
58362143,1.656045
58755840,1.633041
59148760,1.613990
59540902,1.621791
59932692,1.646320
60325334,1.633899
60716327,1.626656
61107451,1.622811
61498667,1.634650
61882179,1.631912
62049214,0.000064
62215915,0.000000
62383819,0.000000
62550798,0.000000
62717907,0.000000
62885089,0.000000
63051827,0.000000
63249843,0.000000
63418062,0.000000
63585245,0.000000
63751760,0.000000
63918906,0.000000
64085533,0.000000
64252956,0.000000
64420639,0.000000
64587784,0.000000
64754596,0.000000
64921705,0.000000
65088572,0.000000
65255977,0.000000
65423641,0.000000
65590972,0.000000
65758043,0.000000
65925152,0.000000
66095056,0.000000
66262091,0.000000
66429070,0.000000
66596789,0.000000
66763786,0.000000
66930654,0.000000
67130558,0.000000
67300185,0.000000
67467164,0.000000
67634865,0.000000
67802159,0.000000
67970452,0.000000
68137931,0.000000
68305077,0.000001
68471685,0.000000
68639664,0.000000
68806772,0.000000
68973825,0.000000
69140508,0.000000
69307598,0.000000
69484317,1.637171
69877737,1.633370
70268916,1.634104
70661039,1.625154
71053348,1.624643
71446138,1.632332
71839631,1.621372
72231329,1.614245
72623286,1.633635
73016390,1.618674
73408495,1.622746
73800471,1.632194
74192427,1.629002
74584532,1.633035
74977285,1.642955
75370520,1.626237
75762236,1.621856
76155451,1.631139
76547519,1.637011
76939087,1.623747
77331118,1.624947
77723352,1.631338
78116068,1.612574
78507340,1.631357
78899352,1.631088
79292864,1.618483
79686636,1.632965
80078130,1.625404
80469883,1.620453
80861062,1.629490
81253796,1.627245
81645512,1.647160
82036709,1.624613
82428685,1.641161
82820067,1.639729
83212506,1.634017
83604222,1.627071
83996345,1.626618
84389376,1.631841
84780943,1.633396
85172493,1.633801
85564375,1.625756
85956036,1.644761
86348085,1.636135
86740134,1.623441
87132536,1.632834
87525418,1.643356
87917171,1.620130
88309406,1.629238
88701603,1.641769
89093301,1.627477
89485017,1.641878
89876992,1.628693
90267597,1.631027
90659813,1.628714
91051658,1.620779
91444800,1.646042
91837016,1.647203
92229621,1.631660
92621022,1.630045
93012701,1.634264
93404676,1.622564
93797374,1.628661
94188997,1.643859
94581102,1.629367
94973651,1.636018
95366904,1.628801
95758787,1.638097
96150169,1.639099
96541848,1.643737
96934416,1.637698
97326114,1.636759
97717867,1.633564
98205377,1.646777
98600334,1.638173
98995624,1.628585
99391933,1.630610
99787556,1.639017
100179364,1.643234
100570988,1.644306
100963019,1.640465
101324994,1.640735
101467029,1.611286
101683748,1.640647
101899818,1.650254
102117445,1.640619
102333682,1.650242
102550919,1.640635
102767749,1.640684
102907765,1.660050
103048782,1.645565
103192261,1.640678
103333944,1.650278
103474812,1.640629
103691790,1.640652
103907657,1.650273
104047636,1.640658
104187523,1.640590
104404723,1.611299
104621701,1.640645
104761810,1.640594
104978769,1.650241
105119712,1.640661
105261135,1.640651
105402596,1.640468
105545649,1.611247
105762664,1.606564
105979753,1.640433
106120622,1.611292
106337118,1.640598
106553818,1.640386
106770667,1.640574
106987515,1.640657
107128791,1.611319
107269677,1.611268
107493674,1.640419
107634505,1.640580
107774632,1.640626
107916556,1.611321
108056665,1.601633
108273606,1.640467
108414215,1.611320
108554657,1.640421
108696562,1.640582
108836541,1.621192
109053704,1.640389
109270331,1.640655
109410458,1.640586
109550567,1.621195
109690602,1.621205
109831636,1.640415
110055503,1.640432
110272518,1.640624
110412738,1.640652
110553847,1.640656
110695512,0.390655
110835639,0.000000
110975618,0.000000
111116634,0.000000
111257706,0.000000
111398574,0.000000
111539942,0.000000
111755828,0.000000
111972639,0.000000
112189451,0.000000
112329615,0.000000
112546556,0.000000
112763441,0.000000
112980679,0.000000
113121436,0.000000
113261508,0.000000
113478578,0.000000
113696075,0.000000
113836591,0.000000
113976737,0.000000
114118401,0.000000
114258621,0.000000
114398452,0.000000
114538580,0.000000
114679689,0.000000
114819761,0.000000
114962499,0.000000
115180533,0.000000
115321493,0.000000
115537619,0.000000
115754820,0.000000
115895410,0.000000
116035371,0.000000
116382680,0.000000
116523400,0.000000
116663435,0.000000
116803951,0.000000
116944578,0.000000
117085576,0.000000
117226481,0.000000
117366498,0.000000
117507644,0.000000
117723585,0.000000
117865008,0.000000
118005580,0.000000
118222465,0.000000
118439536,0.000000
118655514,0.000000
118872640,0.000000
119013416,0.000000
119155580,0.000000
119296374,0.000000
119512408,0.000000
119652350,0.000000
119869624,0.000000
120010826,0.000000
120151490,0.000000
120368505,0.000000
120509559,0.000000
120650482,0.000000
120997810,0.000000
121138475,0.000000
121278287,0.000000
121418414,0.000000
121558375,0.000000
121698392,0.000000
121841408,0.000000
122057756,0.000000
122274456,0.000000
122415565,0.000000
122556396,0.000000
122698468,0.000000
122841466,0.000000
123058351,0.000000
123274977,0.000000
123415549,0.000000
123556343,0.000000
123698304,0.000000
123841265,0.000000
124058391,0.000000
124199870,0.000000
124340275,0.000000
124687251,0.000000
124827490,0.000000
124968413,0.000000
125184780,0.000000
125401369,0.000000
125618422,0.000000
125758382,0.000000
125975286,0.000000
126115321,0.000000
126332336,0.000000
126473538,0.000000
126697238,0.000000
126838421,0.000000
126979289,0.000000
127195804,0.000000
127412615,0.000000
127629315,0.000000
127770221,0.000000
127986476,0.000000
128127215,0.000000
128267268,0.000000
128410766,0.000000
128553393,0.000000
128770316,0.000000
128987331,0.000000
129204309,0.000000
129344232,0.000000
129561303,0.000000
129701356,0.000000
129842521,0.000000
129985259,0.000000
130128368,0.000000
130345254,0.038909
130486807,0.000000
130627249,0.000000
130974392,0.000000
131116482,0.000000
131257443,0.000000
131398348,0.000000
131541734,0.000000
131684288,0.000000
131825286,0.000000
131965468,0.000000
132182280,0.000000
132399332,0.000000
132539682,0.000000
132756271,0.000000
132973341,0.000000
133114006,0.000000
133254059,0.000000
133471074,0.000000
133688071,0.000000
133828309,0.000000
133969177,0.000000
134186248,0.000000
134326209,0.000000
134543261,0.000000
134683629,0.000000
134824219,0.000000
135172269,0.000000
135315100,0.000000
135531300,0.000000
135672594,0.000000
135813277,0.000000
136037348,0.000000
136254696,0.000000
136395639,0.000000
136536321,0.000000
136677412,0.000000
136820502,0.000000
137037202,0.000000
137177367,0.000000
137394289,0.000000
137611397,0.000000
137752172,0.000000
137893078,0.000000
138240313,0.000000
138381033,0.000000
138521290,0.000000
138662306,0.000000
138878877,0.000000
139101669,0.000000
139242408,0.000000
139383220,0.000000
139599291,0.000000
139816177,0.039062
139957063,0.000000
140097135,0.000000
140444185,0.000000
140585294,0.000000
140726088,0.000000
140942992,0.000000
141159007,0.000000
141300116,0.000000
141524149,0.000000
141741164,0.000000
141957457,0.000000
142174120,0.000000
142315081,0.000000
142530985,0.000000
142748056,0.000000
142965126,0.000000
143106106,0.000000
143322213,0.000000
143539136,0.000000
143680022,0.000000
143896093,0.000000
144037146,0.000000
144178088,0.000000
144394178,0.000000
144611137,0.000000
144751987,0.000000
144968205,0.000000
145109518,0.000000
145250145,0.000000
145467197,0.000000
145607992,0.000000
145748026,0.000000
145889950,0.000000
146030040,0.000000
146247000,0.000000
146464293,0.000000
146680863,0.000000
146896989,0.000000
147114153,0.000000
147255447,0.000000
147396278,0.000000
147537109,0.000000
147677033,0.000000
147894140,0.000000
148111211,0.000000
148252227,0.000000
148468020,0.000000
148684998,0.000000
148826014,0.000000
148966012,0.000000
149107917,0.000000
149247896,0.000000
149465097,0.000000
149681815,0.000000
149898997,0.000000
150039847,0.000000
150179770,0.000000
150322009,0.000000
150462859,0.000000
150602912,0.000000
150819797,0.000000
151036775,0.000000
151255846,0.000000
151396473,0.000000
151612951,0.000000
151753875,0.000000
151969927,0.000000
152109869,0.000000
152326921,0.000000
152543881,0.000000
152683805,0.000000
152823858,0.000000
152963948,0.000000
153103909,0.000000
153244962,0.000000
153384830,0.000000
153525273,0.000000
153748917,0.000000
153964969,0.000000
154181762,0.000000
154321890,0.000000
154461850,0.000000
154603274,0.000000
154743846,0.000000
154884918,0.000152
155024897,0.000000
155164969,0.000000
155305874,0.000000
155448723,0.000000
155589240,0.000000
155805940,0.000000
155945938,0.000000
156085861,0.000000
156226970,0.000000
156367968,0.000000
156583853,0.000000
156800980,0.000000
156941903,0.000000
157081808,0.000000
157221843,0.000000
157439025,0.000000
157579875,0.000000
157721187,0.000000
157863129,0.000000
158005701,0.000000
158222790,0.000000
158363047,0.000000
158503804,0.000000
158850873,0.000000
158991945,0.000000
159133405,0.000000
159349809,0.000000
159490955,0.000000
159706878,0.000000
159848598,0.000000
159988744,0.000000
160130612,0.000000
160273683,0.000000
160490810,0.000000
160707640,0.000000
160923729,0.000000
161064967,0.000000
161205613,0.000000
161421813,0.000000
161638754,0.000000
161779696,0.000000
161920250,0.000000
162136876,0.000000
162277670,0.000000
162501592,0.000000
162641701,0.000000
162781662,0.000000
162999233,0.000000
163140971,0.000000
163281691,0.000000
163422763,0.000000
163638593,0.000000
163778702,0.000000
163995994,0.000000
164212769,0.000000
164371377,0.000000
164569689,0.000000
164709724,0.000000
164850796,0.000000
165066977,0.000000
165283770,0.000000
165424712,0.000000
165565581,0.000000
165706930,0.000000
165847743,0.000000
165988703,0.000000
166205830,0.000000
166346920,0.000000
166487807,0.000000
166703544,0.000000
166920855,0.000000
167139278,0.000000
167279775,0.000000
167420644,0.000000
167560734,0.000000
167700695,0.000000
167917580,0.000000
168134743,0.000000
168275741,0.000000
168491738,0.000000
168632661,0.000000
168773807,0.000000
168989619,0.000000
169206819,0.039062
169347779,0.000000
169488722,0.000000
169835661,0.000000
169975881,0.000000
170116471,0.000000
170334134,0.000000
170549612,0.000000
170766627,0.000000
170907680,0.000000
171048623,0.000000
171396913,0.000000
171538745,0.000000
171755760,0.000000
171972534,0.000000
172113624,0.000000
172329658,0.000000
172469544,0.000000
172609561,0.000000
172826557,0.000000
173043628,0.000000
173184626,0.000000
173401696,0.000000
173542527,0.000000
173682562,0.000000
173824486,0.000000
173967687,0.000000
174184573,0.000000
174401551,0.000000
174617603,0.000000
174757582,0.000000
174898487,0.000000
175041503,0.000000
175186001,0.000000
175326499,0.000000
175550958,0.000000
175766733,0.000000
175983562,0.000000
176124634,0.000000
176348501,0.000000
176489703,0.000000
176713458,0.000000
176854623,0.000000
176995491,0.000000
177136507,0.000000
177276486,0.000000
177416447,0.000000
177633907,0.000000
177850755,0.000000
177991512,0.000000
178131473,0.000000
178273359,0.000000
178413542,0.000000
178630557,0.000000
178847387,0.000000
178987440,0.000000
179216122,0.000000
179421693,0.000000
179638615,0.000000
179779909,0.000000
179920555,0.000000
180137422,0.000000
180354511,0.000000
180571471,0.000000
180787893,0.000000
181004464,0.000000
181145517,0.000000
181286496,0.000000
181427420,0.000000
181567510,0.000000
181791470,0.000000
181932412,0.000000
182072373,0.000000
182289573,0.000000
182506440,0.000000
182723529,0.000000
182864749,0.000000
183005395,0.000152
183230891,0.000000
183371537,0.000000
183512442,0.000000
183729420,0.000000
183869326,0.000000
184009397,0.000000
184152395,0.000000
184292300,0.000000
184432317,0.000000
184572185,0.000000
184712534,0.000000
184929605,0.000000
185146361,0.000000
185363450,0.000000
185504374,0.000000
185720370,0.000000
185937496,0.000000
186154345,0.000000
186295472,0.000000
186511320,0.000000
186728521,0.000000
186945351,0.000000
187096552,0.000000
187302863,0.000000
187519527,0.000000
187736597,0.000152
187877410,0.000000
188018278,0.000000
188234348,0.000000
188451271,0.000000
188668508,0.000000
188885542,0.000000
189026243,0.000000
189166760,0.000000
189383293,0.000000
189524328,0.000000
189665326,0.000000
190012135,0.000000
190152281,0.000000
190292316,0.000000
190432350,0.000000
190656384,0.000000
190872380,0.000000
191099192,0.000000
191241338,0.000000
191457575,0.000000
191598276,0.000000
191739256,0.000000
192086213,0.000000
192226322,0.000000
192443318,0.000000
192660370,0.000000
192877404,0.000000
193093252,0.000000
193310416,0.000000
193527375,0.000000
193668262,0.000000
193809389,0.000000
194025330,0.000000
194242216,0.000000
194382565,0.000000
194523285,0.000000
194665301,0.000000
194805299,0.000000
194946353,0.000000
195096869,0.000000
195237718,0.000000
195378364,0.000000
195595194,0.000000
195812320,0.000000
196028243,0.000000
196245202,0.000000
196462217,0.000000
196603289,0.000000
196744287,0.000000
196960339,0.000000
197177410,0.000000
197318055,0.000000
197534626,0.000000
197675235,0.000000
197892343,0.000000
198109191,0.000000
198249189,0.000000
198390390,0.000000
198614442,0.000000
198831365,0.000000
198972159,0.000000
199113379,0.000000
199254154,0.000000
199395189,0.000000
199611260,0.000000
199828182,0.000000
200045160,0.000000
200262157,0.000000
200403154,0.000000
200619169,0.000000
200836018,0.000000
200976238,0.000000
201117087,0.000000
201341306,0.000000
201482082,0.000000
201622190,0.000000
201839206,0.000000
201980037,0.000000
202196274,0.000000
202413215,0.000000
202630174,0.000000
202847541,0.000000
202988224,0.000000
203215221,0.000000
203356274,0.000000
203497142,0.000000
203638214,0.000000
203855303,0.000000
203996134,0.000000
204137132,0.000000
204277981,0.000000
204418201,0.000000
204559292,0.000000
204700141,0.000000
204840047,0.000000
204981137,0.000000
205121042,0.000000
205261003,0.000000
205478092,0.000000
205695163,0.000000
205836068,0.000000
205976473,0.000000
206118063,0.000000
206258061,0.000000
206475076,0.000000
206614852,0.000000
206832033,0.000000
207049400,0.000000
207266526,0.000000
207483171,0.000000
207699260,0.000000
207916034,0.000000
208056236,0.000000
208280103,0.000000
208421156,0.000000
208562117,0.000000
208909019,0.000000
209048998,0.000000
209265994,0.000000
209482954,0.000000
209700099,0.000000
209840911,0.000000
209981002,0.000000
210123351,0.000000
210263960,0.000000
210480994,0.000000
210622047,0.000000
210762008,0.000000
211110206,0.000000
211253129,0.000000
211393979,0.000000
211609994,0.000000
211827046,0.000000
212043876,0.000000
212183948,0.000000
212323946,0.000000
212463943,0.000000
212680958,0.000000
212898140,0.000000
213114989,0.000000
213331430,0.000000
213471983,0.000000
213612999,0.000000
213754960,0.000000
213897865,0.000000
214114973,0.000000
214255952,0.000000
214397227,0.000000
214537947,0.000000
214678927,0.000000
214818887,0.000000
214958848,0.000000
215176974,0.000000
215393156,0.000000
215609949,0.000000
215826908,0.000000
215967795,0.000000
216107830,0.000000
216324919,0.000000
216541860,0.000000
216681746,0.000000
216905873,0.000000
217122943,0.038604
217263793,0.000000
217403883,0.000000
217545807,0.000000
217688823,0.000000
217905875,0.000000
218045780,0.000000
218185852,0.000000
218402719,0.000000
218543217,0.000000
218683881,0.000000
219030894,0.000000
219173003,0.000000
219313964,0.000000
219530016,0.000000
219746772,0.000000
219963768,0.000000
220103822,0.000000
220244838,0.000000
220470242,0.000000
220678479,0.000152
220818829,0.000000
220958938,0.000000
221182841,0.000000
221323876,0.000000
221464985,0.000000
221681259,0.000000
221821776,0.000000
221961903,0.000000
222178900,0.000000
222318768,0.000000
222459951,0.000000
222601837,0.000000
222743039,0.000000
222883759,0.000000
223023775,0.000000
223241309,0.000000
223458027,0.000000
223674839,0.000000
223891872,0.000000
224032796,0.000000
224248978,0.000000
224465715,0.000000
224605805,0.000000
224746896,0.000000
225093779,0.000000
225233721,0.000000
225450681,0.000000
225667825,0.000000
225885137,0.000000
226101689,0.000000
226241724,0.000000
226382666,0.000000
226729808,0.000000
226870806,0.000000
227011730,0.000000
227152783,0.000000
227293873,0.000000
227434871,0.000000
227575665,0.000000
227715756,0.000000
227855605,0.000000
227996936,0.000000
228139879,0.000000
228356653,0.000000
228496669,0.000000
228637834,0.000000
228985124,0.000000
229125807,0.000000
229266675,0.000000
229482709,0.000000
229699724,0.000000
229840833,0.000000
229981738,0.000000
230124069,0.000000
230266678,0.000000
230482582,0.000000
230699690,0.000000
230839761,0.000000
230980444,0.000000
231124127,0.000000
231266829,0.000000
231407715,0.000000
231547676,0.000000
231689600,0.000000
231829597,0.000000
232046594,0.000000
232263683,0.000000
232480698,0.000000
232620659,0.000000
232844674,0.000000
232985486,0.000000
233125836,0.000000
233342499,0.000000
233559662,0.000000
233700623,0.000000
233840528,0.000000
233982582,0.000000
234122746,0.000000
234339761,0.039062
234480666,0.000000
234621534,0.000000
234968751,0.000000
235110897,0.000000
235251839,0.000000
235475632,0.000000
235615722,0.000000
235756646,0.000000
236103585,0.000000
236243546,0.000000
236460561,0.000000
236677724,0.000000
236894498,0.000000
237034440,0.000000
237251641,0.000000
237393064,0.000000
237533618,0.000000
237880593,0.000000
238020591,0.000000
238237680,0.000152
238378623,0.000000
238518546,0.000000
238736172,0.000000
238954817,0.000000
239172110,0.000000
239387921,0.000000
239529660,0.000000
239670583,0.000000
239886673,0.000000
240103577,0.000000
240244537,0.000000
240385609,0.000000
240526866,0.000000
240667493,0.000000
240807473,0.000152
240947508,0.000000
241087616,0.000000
241304594,0.000000
241521665,0.000000
241738532,0.000000
241878474,0.000000
242019509,0.000000
242366374,0.000000
242506501,0.000000
242646851,0.000000
242863588,0.000000
243004623,0.000000
243147880,0.000000
243288452,0.000000
243430523,0.000000
243571484,0.000000
243712704,0.000000
244059421,0.000000
244199474,0.000000
244339342,0.000000
244479451,0.000000
244620486,0.000000
244760743,0.000000
244977425,0.000000
245194347,0.000000
245334400,0.000000
245475454,0.000000
245617414,0.000000
245757783,0.000000
245974390,0.000000
246191331,0.000000
246408439,0.000000
246548455,0.000000
246689305,0.000000
246831691,0.000000
246972485,0.000000
247190315,0.000000
247405497,0.000000
247622327,0.000000
247763436,0.000000
247904656,0.000000
248045468,0.000000
248185429,0.000000
248326390,0.000000
248542386,0.000000
248759253,0.000000
248976787,0.000000
249193413,0.000000
249333466,0.000000
249474464,0.000000
249821347,0.000000
249962790,0.000000
250178453,0.000000
250395431,0.000000
250536336,0.000000
250676260,0.000000
250900571,0.000000
251118364,0.000000
251259343,0.000000
251399285,0.000000
251746280,0.000000
251886185,0.000000
252103959,0.000152
252244309,0.000000
252385418,0.000000
252732264,0.000000
252872225,0.000000
253012297,0.038909
253152831,0.000000
253293477,0.000000
253434234,0.000000
253576250,0.000000
253792284,0.000000
254009336,0.000000
254150408,0.000000
254291313,0.000000
254638289,0.000000
254779398,0.000000
254919229,0.000000
255137392,0.000000
255353426,0.000000
255570422,0.000000
255787437,0.000000
255942768,0.000000
256145302,0.038909
256286707,0.000000
256427186,0.000000
256774181,0.000000
256914271,0.000000
257131268,0.000000
257272284,0.000000
257412263,0.000000
257554280,0.000000
257694277,0.000000
257911163,0.000000
258128326,0.000000
258345674,0.000000
258562301,0.000000
258702224,0.000000
258842185,0.000000
258982312,0.000000
259218605,0.000000
259416731,0.000000
259632339,0.000000
259849410,0.000000
259990370,0.000000
260131257,0.000000
260273199,0.000000
260416160,0.000000
260633342,0.000000
260774265,0.000000
260915059,0.000000
261056224,0.000000
261197184,0.000000
261337145,0.000000
261477050,0.000000
261694195,0.000000
261835045,0.000000
261975302,0.000000
262192169,0.000000
262332037,0.000000
262472146,0.000000
262689179,0.000000
262906231,0.000000
263124394,0.000000
263265281,0.000000
263406094,0.000000
263622442,0.000000
263839272,0.000000
263980084,0.000000
264120064,0.000000
264337171,0.000000
264477299,0.000000
264618111,0.000000
264964902,0.000000
265105196,0.000000
265245231,0.000000
265462079,0.000000
265679446,0.000000
265896239,0.000000
266113199,0.000000
266330140,0.000000
266471063,0.000000
266687115,0.000000
266904001,0.000000
267044110,0.000000
267185144,0.000000
267326957,0.000000
267467288,0.000000
267608156,0.000000
267825523,0.000000
268041131,0.000000
268257979,0.000000
268475179,0.000000
268616048,0.000000
268756027,0.000000
268972986,0.000000
269113114,0.000000
269329888,0.000000
269470201,0.000000
269611087,0.000000
269753122,0.000000
269894212,0.000000
270035080,0.000000
270251040,0.000000
270468129,0.000000
270685052,0.000000
270902141,0.000000
271043120,0.000000
271185192,0.000000
271326152,0.000000
271468076,0.000000
271685128,0.000000
271901977,0.000000
272043456,0.000000
272184009,0.000000
272325044,0.000000
272466005,0.000000
272689983,0.000000
272907090,0.000000
273048236,0.000000
273188938,0.000000
273329898,0.000000
273469989,0.000000
273687096,0.000000
273903908,0.000000
274043942,0.000000
274183811,0.000000
274324086,0.000000
274464973,0.000000
274604933,0.000000
274822134,0.000000
275039019,0.000000
275256386,0.000000
275397125,0.000000
275538067,0.000000
275884858,0.000000
276024874,0.000000
276242407,0.000000
276458978,0.000000
276675919,0.000000
276892934,0.000000
277032950,0.000000
277174022,0.000000
277389852,0.000000
277529868,0.000000
277746902,0.000000
277887863,0.000000
278027897,0.000000
278169951,0.000000
278310097,0.000000
278527056,0.000000
278667924,0.000000
278807866,0.000000
279024956,0.039062
279166916,0.000000
279307044,0.000000
279523966,0.000000
279741018,0.000000
279881905,0.000000
280022866,0.000000
280370175,0.000000
280510950,0.000000
280651930,0.000000
280867852,0.000000
281007942,0.000000
281224809,0.000000
281442417,0.000000
281582785,0.000000
281799819,0.000000
282016797,0.000000
282233886,0.000000
282374921,0.000000
282590936,0.000000
282731804,0.000000
282871709,0.000000
283099335,0.000000
283240611,0.000000
283380849,0.000000
283598364,0.000000
283738991,0.000000
283955932,0.000000
284172948,0.000000
284313760,0.000000
284529738,0.000000
284746735,0.000000
284887047,0.000000
285027730,0.000000
285244930,0.000000
285461871,0.000000
285603314,0.000000
285818810,0.000152
285959752,0.000000
286099713,0.000000
286316765,0.000000
286533854,0.000000
286750740,0.000000
286967829,0.000000
287109734,0.000000
287324823,0.000000
287541857,0.000000
287682632,0.000000
287822778,0.000000
287963739,0.000000
288179680,0.000000
288396750,0.000000
288537804,0.000000
288678783,0.000000
288821392,0.000000
288963723,0.000000
289180664,0.000000
289396772,0.000000
289537714,0.000000
289753803,0.000000
289970596,0.000000
290111038,0.000000
290251795,0.000000
290468773,0.000000
290684714,0.000000
290902211,0.000152
291042708,0.000000
291184836,0.000000
291325778,0.000000
291468701,0.000000
291608718,0.000000
291749827,0.000000
292096728,0.000000
292237745,0.000000
292377687,0.000000
292594832,0.000000
292811847,0.000000
293029140,0.000000
293245655,0.000000
293386708,0.000000
293526687,0.000000
293873700,0.000000
294014846,0.000000
294155585,0.000000
294295656,0.000000
294435691,0.000000
294576856,0.000000
294717539,0.000000
294857592,0.000000
294997571,0.000000
295141698,0.000000
295283604,0.000000
295500545,0.000000
295641672,0.000000
295781670,0.000000
295998537,0.000000
296138905,0.000000
296279680,0.000000
296626619,0.000000
296766561,0.000000
296983558,0.000000
297201017,0.000000
297341663,0.000000
297482680,0.000000
297623659,0.000000
297764416,0.000000
297904636,0.000000
298044467,0.000000
298184928,0.000000
298325555,0.000000
298549589,0.000000
298766585,0.000000
298907620,0.000000
299047729,0.000000
299272392,0.000000
299488666,0.000000
299704477,0.000000
299921567,0.000000
300062694,0.000000
300203451,0.000000
300550371,0.000000
300690554,0.000000
300907625,0.000000
301124473,0.000000
301264453,0.000000
301481523,0.000000
301621391,0.000000
301761371,0.000000
301978626,0.000000
302195493,0.000000
302412971,0.000000
302629542,0.000000
302770354,0.000000
302987536,0.000000
303129849,0.000000
303344493,0.000000
303484769,0.000000
303701525,0.000000
303842411,0.000000
304066500,0.000000
304282645,0.000152
304423476,0.000000
304564696,0.000000
304780582,0.000000
304921542,0.000000
305062466,0.000000
305278500,0.000000
305495459,0.000000
305712419,0.000000
305852398,0.000000
306069357,0.000000
306209485,0.000000
306349446,0.000000
306566498,0.000152
306707440,0.000000
306847345,0.000000
307064397,0.000000
307281838,0.000000
307498557,0.000152
307639943,0.000000
307780571,0.000000
307997512,0.000000
308137602,0.000000
308278378,0.000000
308420487,0.000000
308561318,0.000000
308701871,0.000000
308918479,0.000000
309135438,0.000000
309275399,0.000000
309492507,0.000000
309633393,0.000000
309773798,0.000000
309916537,0.000000
310059497,0.000000
310276383,0.000000
310492398,0.000000
310632396,0.000000
310849837,0.000000
310990409,0.000000
311132703,0.000000
311273460,0.000000
311416328,0.000000
311556288,0.000000
311773322,0.000000
311990337,0.000000
312131353,0.000000
312347442,0.000000
312488181,0.000000
312628345,0.000000
312845379,0.000000
312986469,0.000000
313126319,0.000000
313268243,0.000000
313408388,0.000000
313548294,0.000000
313688421,0.000000
313829437,0.000000
313969731,0.000000
314186543,0.000000
314327300,0.000000
314467298,0.000000
314684350,0.000000
314824236,0.000000
314964586,0.000000
315182342,0.000000
315398320,0.000000
315615261,0.000000
315755240,0.000000
315896164,0.000000
316038661,0.000000
316181492,0.000000
316398156,0.000000
316538320,0.000000
316679336,0.000000
316895203,0.000000
317112533,0.000152
317253383,0.000000
317394325,0.000000
317536137,0.000000
317679302,0.000000
317896372,0.000000
318037407,0.000000
318178609,0.000000
318319143,0.000000
318459308,0.000000
318599213,0.000000
318739155,0.000000
318879227,0.000000
319097594,0.000000
319238814,0.000000
319379108,0.000000
319520309,0.000000
319736158,0.000000
319953247,0.000000
320170392,0.000000
320311093,0.000000
320451146,0.000000
320668106,0.000000
320808344,0.000000
320949102,0.000000
321296670,0.000000
321439260,0.000000
321579258,0.000000
321796292,0.000000
322013177,0.000000
322153175,0.000000
322294099,0.000000
322436170,0.000000
322576298,0.000000
322793294,0.000000
323010180,0.000000
323151140,0.000000
323367544,0.000000
323584263,0.000000
323801204,0.000000
323942202,0.000000
324083329,0.000000
324299215,0.000000
324439601,0.000000
324580284,0.000000
324797096,0.000000
324937075,0.000000
325154275,0.000000
325371198,0.000000
325588176,0.000152
325729155,0.000000
325870134,0.000000
326086057,0.000000
326226258,0.000000
326443088,0.000000
326583363,0.000000
326724158,0.000000
326941173,0.000000
327158058,0.000000
327298056,0.000000
327515145,0.000000
327732178,0.000000
327872139,0.000000
328089025,0.000000
328230263,0.000000
328371187,0.000000
328717941,0.000000
328858105,0.000000
328998140,0.000000
329138175,0.000000
329279024,0.000000
329419003,0.000000
329561964,0.000000
329777998,0.000000
329995050,0.000000
330136048,0.000000
330276193,0.000000
330492931,0.000000
330710427,0.000000
330927109,0.000000
331068144,0.000000
331215327,0.000000
331356232,0.000000
331573284,0.000000
331789336,0.000000
331930093,0.000000
332147108,0.000000
332287254,0.000000
332428048,0.000000
332645174,0.000000
332786302,0.000000
333002168,0.000000
333218906,0.000000
333358978,0.000000
333575993,0.000000
333715972,0.000000
333940283,0.000000
334157094,0.000000
334373017,0.000000
334514126,0.000000
334655012,0.000000
334871046,0.000000
335097579,0.000000
335238411,0.000000
335455074,0.000000
335672107,0.000000
335812994,0.000000
335953307,0.000000
336301060,0.000000
336443984,0.000000
336660999,0.000000
336800997,0.000000
337018290,0.000000
337234842,0.000000
337451968,0.000000
337669057,0.000000
337809777,0.000000
337949886,0.000000
338166864,0.000000
338306825,0.000000
338447026,0.000000
338586894,0.000000
338804076,0.000000
339020850,0.000000
339162311,0.000000
339302957,0.000000
339443862,0.000000
339583767,0.000000
339723969,0.000000
339864985,0.000000
340005853,0.000000
340146203,0.000000
340287811,0.000000
340504938,0.000000
340644769,0.000000
340862062,0.000000
341078891,0.000000
341220297,0.000000
341361091,0.000000
341709030,0.000000
341851972,0.000000
342068931,0.000000
342286391,0.000000
342426851,0.000000
342643885,0.000000
342861030,0.000000
343001916,0.000000
343228228,0.000000
343369448,0.000000
343509816,0.000000
343651906,0.000000
343868958,0.000000
344084936,0.000000
344301840,0.000000
344442875,0.000000
344582836,0.000000
344724685,0.000000
344864850,0.000000
345004755,0.000000
345144956,0.000000
345361805,0.000000
345501747,0.000000
345641819,0.000000
345858778,0.000000
346075849,0.000000
346300086,0.000000
346509212,0.000000
346650025,0.000000
346866799,0.000000
347083814,0.000000
347300051,0.000000
347440790,0.000000
347580769,0.000000
347723860,0.000000
347866783,0.000000
348083780,0.000000
348224870,0.000000
348365868,0.000000
348582216,0.000000
348798731,0.000000
349015783,0.000000
349155726,0.000000
349372667,0.000000
349512868,0.000000
349729902,0.000000
349946843,0.000000
350087711,0.000000
350303763,0.000000
350443872,0.000000
350584740,0.000000
350725775,0.000000
350941697,0.000000
351159842,0.000000
351375783,0.000000
351516855,0.000000
351657834,0.000000
351873941,0.000000
352014606,0.000000
352238732,0.000000
352379822,0.000000
352520764,0.000000
352867703,0.000000
353007683,0.000000
353224661,0.000000
353441750,0.000000
353582636,0.000000
353798929,0.000000
354015796,0.000000
354232552,0.000000
354373661,0.000000
354589694,0.000000
354806858,0.000000
355023576,0.000000
355164759,0.000000
355379571,0.000000
355518476,0.000000
355657474,0.000000
355874804,0.000000
356014357,0.000000
356230298,0.000000
356447313,0.000000
356664180,0.000000
356803326,0.000000
357020304,0.000000
357159283,0.000000
357298207,0.000000
357437260,0.000000
357576295,0.000000
357715145,0.000000
357932289,0.000000
358071213,0.000000
358210229,0.000000
358349301,0.000000
358695092,0.000000
358834201,0.000000
359052031,0.000000
359368266,0.000000
359516134,0.000000
359727075,0.000000
359943535,0.000000
360159531,0.000000
360376417,0.000000
360516341,0.000000
360656320,0.000000
360873224,0.000000
361090294,0.000000
361307050,0.000000
361524213,0.000000
361664378,0.000000
361881319,0.000000
362021187,0.000000
362161722,0.000000
362302127,0.000000
362518253,0.000000
362735250,0.000000
362952191,0.000000
363171669,0.000000
363312389,0.000000
363536200,0.000000
363753252,0.000000
363893250,0.000000
364033247,0.000000
364173190,0.000000
364390334,0.000000
364530240,0.000000
364670367,0.000000
364810402,0.000000
365027269,0.000000
365244358,0.000000
365461151,0.000000
365678351,0.000000
365818108,0.000000
366035160,0.000000
366252175,0.000000
366392525,0.000000
366533078,0.000000
366749130,0.000000
366966238,0.000000
367184345,0.000000
367324010,0.000000
367464526,0.000000
367681189,0.000000
367821243,0.000000
367961129,0.000000
368101238,0.000000
368318068,0.000000
368535527,0.000000
368676155,0.000000
368816227,0.000000
368958280,0.000000
369098167,0.000000
369238109,0.000152
369378199,0.000000
369518382,0.000000
369658102,0.000000
369875025,0.000000
370092021,0.000000
370308981,0.000000
370449164,0.000000
370589587,0.000000
370806102,0.000000
371023192,0.000000
371164226,0.000000
371304206,0.000000
371445925,0.000000
371586516,0.000000
371726940,0.000000
371867085,0.000000
372007065,0.000000
372224061,0.000000
372441058,0.000000
372581204,0.000000
372798089,0.000000
373015271,0.000000
373155046,0.000000
373295100,0.000000
373435060,0.000000
373575077,0.000000
373715519,0.000000
373932108,0.000000
374148882,0.000000
374364972,0.000000
374505247,0.000000
374646152,0.000000
374862038,0.000000
375079164,0.000000
375296716,0.000000
375437177,0.000000
375654081,0.000000
375794560,0.000000
376011149,0.000000
376151036,0.000000
376290978,0.000000
376430994,0.000000
376570918,0.000000
376711045,0.000000
376851450,0.000000
377075095,0.000000
377291110,0.000000
377508014,0.000000
377648030,0.000000
377864953,0.000000
378081857,0.000000
378222095,0.000000
378361982,0.000000
378502202,0.000000
378719124,0.000000
378858863,0.000000
378999490,0.000000
379221746,0.000000
379433113,0.000000
379649998,0.000000
379789811,0.000000
379929975,0.000000
380146972,0.000000
380364098,0.000000
380504040,0.000000
380644149,0.000000
380860886,0.000000
381001069,0.000000
381140937,0.000000
381280954,0.000000
381421007,0.000000
381637911,0.000000
381854963,0.000000
381994905,0.000000
382219013,0.000000
382358733,0.000000
382499008,0.000000
382716153,0.000000
382855929,0.000000
382995963,0.000000
383137424,0.000000
383277848,0.000000
383418086,0.000000
383634916,0.000000
383851968,0.000000
384067983,0.000000
384208389,0.000000
384425033,0.000000
384565031,0.000000
384705121,0.000000
384844749,0.000000
384984987,0.000000
385124689,0.000000
385265224,0.000000
385481924,0.000000
385697957,0.000000
385914824,0.000000
386131987,0.000000
386272263,0.000000
386412853,0.000000
386554907,0.000000
386694923,0.000000
386834958,0.000000
386974770,0.000000
387115898,0.000000
387255877,0.000000
387399171,0.000000
387614853,0.000000
387831942,0.000000
387971754,0.000000
388111956,0.000000
388251935,0.000000
388392266,0.000000
388532986,0.000000
388748872,0.000000
388965831,0.000000
389182828,0.000000
389322937,0.000000
389463101,0.000000
389602784,0.000000
389742819,0.000000
389959871,0.000000
390176867,0.000000
390392882,0.000000
390609712,0.000000
390826801,0.000000
390966744,0.000000
391184888,0.000000
391400792,0.000000
391617659,0.000000
391833767,0.000000
391973820,0.000000
392113781,0.000000
392253853,0.000000
392470738,0.000000
392687661,0.000000
392903787,0.000000
393043877,0.000000
393183764,0.000000
393323910,0.000000
393540869,0.000000
393757884,0.000000
393897808,0.000000
394114971,0.000000
394255988,0.000000
394395670,0.000000
394612834,0.000000
394752702,0.000000
394969846,0.000000
395110918,0.000000
395250805,0.000000
395392784,0.000000
395532875,0.000000
395672669,0.000000
395812833,0.000000
396029811,0.000000
396245808,0.000000
396385731,0.000000
396525692,0.000000
396742855,0.000000
396959555,0.000000
397176682,0.000000
397392882,0.000000
397609675,0.000000
397749654,0.000000
397966743,0.000000
398106722,0.000000
398246591,0.000000
398463698,0.000000
398680732,0.000000
398898099,0.000000
399114854,0.000000
399254741,0.000000
399394572,0.000000
399534718,0.000000
399751752,0.000000
399891749,0.000000
400031544,0.000000
400171782,0.000000
400388612,0.000000
400605701,0.000000
400822772,0.000000
401039027,0.000000
401255783,0.000000
401472613,0.000000
401612703,0.000000
401765868,0.000000
401905551,0.000000
402045956,0.000000
402185731,0.000000
402325637,0.000000
402465597,0.000000
402605521,0.000000
402745648,0.000000
402885905,0.000000
403026699,0.000000
403243307,0.000000
403459674,0.000000
403676615,0.000000
403893686,0.000000
404110015,0.000000
404326568,0.000000
404543768,0.000000
404760820,0.000000
404900429,0.000000
405117611,0.000000
405257516,0.000000
405474586,0.000000
405614640,0.000000
405754545,0.000000
405894598,0.000000
406111465,0.000000
406328443,0.000000
406468607,0.000000
406685493,0.000000
406825676,0.000000
407042654,0.000000
407260317,0.000000
407400685,0.000000
407540739,0.000000
407682533,0.000000
407822512,0.000000
408039471,0.000000
408256542,0.000000
408473594,0.000000
408613629,0.000000
408753441,0.000000
408893495,0.000000
409033492,0.000000
409173453,0.000000
409313562,0.000000
409453430,0.000000
409670519,0.000000
409810406,0.000000
409950478,0.000000
410167641,0.000000
410307546,0.000000
410447729,0.000000
410587431,0.000000
410727484,0.000000
410867574,0.000000
411092534,0.000000
411307660,0.000000
411524823,0.000000
411741616,0.000000
411958427,0.000000
412098684,0.000000
412238386,0.000000
412455456,0.000000
412672546,0.000000
412812525,0.000000
412952448,0.000000
413092446,0.000000
413232444,0.000000
413372479,0.000000
413512551,0.000000
413729510,0.000000
413945525,0.000000
414162448,0.000000
414379315,0.000000
414519535,0.000000
414736457,0.000000
414953528,0.000000
415171561,0.000000
415311559,0.000000
415451409,0.000000
415669072,0.000000
415885494,0.000000
416102398,0.000000
416242563,0.000000
416459559,0.000000
416599538,0.000000
416739721,0.000000
416879441,0.000000
417019532,0.000000
417159455,0.000000
417299416,0.000000
417439451,0.000000
417579430,0.000000
417796556,0.000000
418013516,0.000000
418153217,0.000000
418293474,0.000000
418433343,0.000000
418650561,0.000000
418867373,0.000000
419083406,0.000000
419232700,0.000000
419449363,0.000000
419665452,0.000000
419805598,0.000000
419945392,0.000000
420162556,0.000000
420379571,0.000000
420519365,0.000000
420743380,0.000000
420883692,0.000000
421024394,0.000000
421241390,0.000152
421381407,0.000000
421521441,0.000000
421664328,0.000000
421804326,0.000000
421944620,0.000000
422085377,0.000000
422301410,0.000000
422518574,0.000000
422735348,0.000000
422952382,0.000000
423169360,0.000000
423309394,0.000000
423449225,0.000000
423589223,0.000000
423729388,0.000000
423869348,0.000000
424009309,0.000000
424149177,0.000000
424289175,0.000000
424506468,0.000000
424646243,0.000000
424786334,0.000000
424926294,0.000000
425066700,0.000000
425283270,0.000000
425500248,0.000000
425716282,0.000000
425933612,0.000000
426150534,0.000000
426367234,0.000000
426507121,0.000000
426647304,0.000000
426787246,0.000000
426927244,0.000000
427145852,0.000000
427361330,0.000000
427578271,0.000000
427718231,0.000000
427858322,0.000000
427998264,0.000000
428215446,0.000000
428432294,0.000000
428572199,0.000000
428712271,0.000000
428929175,0.000000
429146320,0.000000
429286558,0.000000
429427130,0.000000
429569183,0.000000
429709292,0.000000
429849253,0.000152
429989177,0.000000
430129304,0.000000
430346393,0.000000
430563186,0.000000
430779164,0.000000
430996087,0.000000
431221527,0.000000
431361488,0.000000
431578133,0.000000
431795222,0.000000
431935257,0.000000
432159086,0.000000
432376083,0.000000
432516173,0.000000
432733188,0.000000
432873149,0.000000
433013147,0.000000
433153219,0.000000
433370252,0.000000
433587212,0.000000
433803171,0.000000
433943095,0.000000
434083111,0.000000
434223109,0.000000
434363199,0.000000
434580492,0.000000
434797193,0.000000
434937079,0.000000
435155316,0.000152
435295351,0.000000
435434979,0.000000
435577476,0.000000
435718233,0.000000
435858120,0.000000
435998118,0.000000
436231633,0.000000
436432296,0.000000
436572201,0.000000
436712032,0.000000
436852067,0.000000
436992213,0.000000
437131970,0.000000
437272079,0.000000
437412132,0.000000
437552075,0.000000
437692609,0.000000
437833144,0.000000
437973123,0.000000
438112973,0.000000
438330007,0.000000
438546911,0.000000
438686964,0.000000
438827073,0.000000
438967015,0.000000
439192308,0.000000
439408138,0.000000
439548043,0.000000
439688170,0.000000
439905037,0.000000
440045072,0.000000
440261994,0.000000
440478991,0.000000
440618933,0.000000
440759134,0.000000
440899040,0.000000
441038982,0.000000
441178961,0.000000
441319144,0.000000
441458975,0.000000
441676027,0.000000
441893450,0.000000
442109965,0.000000
442327017,0.000000
442467274,0.000000
442684233,0.000000
442823972,0.000000
443040876,0.000000
443182114,0.000000
443322057,0.000000
443539016,0.000000
443678995,0.000000
443819086,0.000000
443959195,0.000000
444099100,0.000000
444239060,0.000000
444456075,0.000000
444672942,0.000000
444889809,0.000000
445030270,0.000000
445170842,0.000000
445518003,0.000000
445658019,0.000000
445881923,0.000000
446021958,0.000000
446238843,0.000000
446455932,0.000000
446673133,0.000000
446813927,0.000000
446953684,0.000000
447301493,0.000000
447443917,0.000000
447660858,0.000000
447878002,0.000000
448017741,0.000000
448158276,0.000000
448301088,0.000000
448440808,0.000000
448580880,0.000000
448720915,0.000000
448860913,0.000000
449000781,0.000000
449141056,0.000000
449280869,0.000000
449420867,0.000000
449637659,0.000000
449855008,0.000000
449994987,0.000000
450212058,0.000000
450428832,0.000000
450568959,0.000000
450708920,0.000000
450848899,0.000000
451065785,0.000000
451283689,0.000000
451423872,0.000000
451563962,0.000000
451705867,0.000000
451845828,0.000000
452062806,0.000000
452279914,0.000000
452420189,0.000000
452636760,0.000000
452853830,0.000000
452993939,0.000000
453133919,0.000000
453273713,0.000000
453414340,0.000000
453630818,0.000000
453846852,0.000000
454063941,0.000152
454204901,0.000000
454344733,0.000000
454488119,0.000000
454630784,0.000000
454770911,0.000000
454910686,0.000000
455050851,0.000000
455268070,0.000000
455485307,0.000000
455625731,0.000000
455841838,0.000000
456058927,0.000000
456198777,0.000000
456415625,0.000000
456632715,0.000000
456772694,0.000000
456912895,0.000000
457052856,0.000000
457192798,0.000000
457409943,0.000000
457627180,0.000000
457767845,0.000000
457907879,0.000000
458124709,0.000000
458341706,0.000000
458558702,0.000000
458775699,0.000000
458915715,0.000000
459133915,0.000000
459273784,0.000000
459413615,0.000000
459630833,0.000000
459847756,0.000000
459987772,0.000000
460127825,0.000000
460267564,0.000000
460407728,0.000000
460547708,0.000000
460687650,0.000000
460827722,0.000000
460967645,0.000000
461107717,0.000000
461324695,0.000000
461541673,0.000000
461759003,0.000000
461898760,0.000000
462038795,0.000000
462178645,0.000000
462395660,0.000000
462612675,0.000000
462752747,0.000000
462893096,0.000000
463033872,0.000000
463250165,0.000000
463466587,0.000000
463606696,0.000000
463746694,0.000000
463963579,0.000000
464103651,0.000000
464243649,0.000000
464383554,0.000000
464523700,0.000000
464740715,0.000000
464958026,0.000000
465173689,0.000000
465313632,0.000000
465453611,0.000000
465593590,0.000000
465810642,0.000000
465950714,0.000000
466090508,0.000000
466230654,0.000000
466370578,0.000000
466587648,0.000000
466804497,0.000000
467021901,0.000000
467162824,0.000000
467302618,0.000000
467519615,0.000000
467659668,0.000000
467876628,0.000000
468094050,0.000000
468234641,0.000000
468374620,0.000000
468516525,0.000000
468656467,0.000000
468796724,0.000000
468936611,0.000000
469153922,0.038909
469294716,0.000000
469434603,0.000000
469651636,0.000000
469868503,0.000000
470085630,0.000000
470225887,0.000000
470442531,0.000000
470582659,0.000000
470722675,0.000000
470862599,0.000000
471079595,0.000000
471229408,0.000000
471370553,0.000000
471586624,0.000000
471802565,0.000000
472019543,0.000000
472159578,0.000000
472300002,0.000000
472516646,0.000000
472733735,0.000000
472950565,0.000000
473090563,0.000000
473307763,0.000000
473447446,0.000000
473664498,0.000000
473804533,0.000000
474021585,0.000000
474238378,0.000000
474378746,0.000000
474595576,0.000000
474812499,0.000000
474952570,0.000000
475093605,0.000000
475235621,0.000000
475375453,0.000000
475515376,0.000000
475655374,0.000000
475795390,0.000000
475936388,0.000000
476152496,0.000000
476292475,0.000000
476432454,0.000000
476649469,0.000000
476789504,0.000000
477013519,0.000000
477230441,0.000000
477446605,0.000000
477586917,0.000000
477803377,0.000000
477943393,0.000000
478160297,0.000000
478300480,0.000000
478440422,0.000000
478580846,0.000000
478721603,0.000000
478861378,0.000000
479078468,0.000000
479295760,0.000000
479512442,0.000000
479652866,0.000000
479869344,0.000000
480009305,0.000000
480149395,0.000000
480289319,0.000000
480506537,0.000000
480646665,0.000000
480786255,0.000000
481003381,0.000000
481220322,0.000000
481360487,0.000000
481577298,0.000000
481717648,0.000000
481857497,0.000000
481997384,0.000000
482137252,0.000000
482354378,0.000000
482571393,0.000000
482787686,0.000000
482928554,0.000000
483069404,0.000000
483286030,0.000000
483426343,0.000000
483643469,0.000000
483860780,0.000000
484001278,0.000000
484218460,0.000000
484358402,0.000000
484498400,0.000000
484641397,0.000000
484781173,0.000000
484921689,0.000000
485138278,0.000000
485278221,0.000000
485418255,0.000000
485558327,0.000000
485698288,0.000000
485838267,0.000000
486055227,0.000000
486195187,0.000000
486412462,0.000000
486552330,0.000000
486692365,0.000000
486832214,0.000000
486972712,0.000000
487190653,0.000000
487406446,0.000000
487623387,0.000000
487763181,0.000000
487903105,0.000000
488120360,0.000000
488337209,0.000000
488477170,0.000000
488694222,0.000000
488834275,0.000000
488974143,0.000000
489114530,0.000000
489254287,0.000000
489394210,0.000000
489534338,0.000000
489674169,0.000000
489814259,0.000000
490031256,0.000000
490248104,0.000000
490465267,0.000152
490605210,0.000000
490745337,0.000000
490885372,0.000000
491103276,0.039062
491243237,0.000000
491383364,0.000000
491730173,0.000000
491870060,0.000000
492087316,0.000000
492304238,0.000000
492444236,0.000000
492661177,0.000000
492800971,0.000000
492941135,0.000000
493081096,0.000000
493221409,0.000000
493361295,0.000000
493578107,0.000000
493795177,0.000000
493935064,0.000000
494075303,0.000000
494215115,0.000000
494355465,0.000000
494496240,0.000152
494636108,0.000000
494775995,0.000000
494918196,0.000000
495058046,0.000000
495275839,0.000000
495492298,0.000000
495633315,0.000000
495773127,0.000000
495997290,0.000000
496213028,0.000000
496430617,0.000000
496571041,0.000000
496711057,0.000000
496851147,0.000000
497068329,0.000000
497285140,0.000000
497425490,0.000000
497566228,0.000000
497782132,0.000000
497999036,0.000000
498139145,0.000000
498355994,0.000000
498573212,0.000000
498712951,0.000000
498853060,0.000000
498993039,0.000000
499134296,0.000000
499350237,0.000000
499567456,0.000000
499708102,0.000000
499848136,0.000000
500065096,0.000000
500205075,0.000000
500422201,0.000000
500562607,0.000000
500703123,0.000000
500920119,0.000000
501136079,0.000000
501353075,0.000000
501493203,0.000000
501634293,0.000000
501776106,0.000000
501916122,0.000000
502056009,0.000000
502196006,0.000000
502413096,0.000000
502553093,0.000000
502693424,0.000000
502833089,0.000000
502972975,0.000000
503190991,0.000000
503407061,0.000000
503546985,0.000000
503686927,0.000000
503826980,0.000000
504044181,0.000000
504261085,0.000000
504477174,0.000000
504617153,0.000000
504834501,0.000000
504975166,0.000000
505192088,0.000000
505407992,0.000000
505624952,0.000000
505764987,0.000000
505981965,0.000000
506121981,0.000000
506339014,0.000000
506555955,0.000000
506773100,0.000000
506913283,0.000000
507054059,0.000000
908826432,0.000000
908966856,0.000000
909106687,0.000000
909246740,0.000000
909386627,0.000000
909603457,0.000000
909820490,0.000000
909960580,0.000000
910100597,0.000000
910240409,0.000000
910380852,0.000000
910598126,0.000000
910814567,0.000000
911030526,0.000000
911171709,0.000000
911311633,0.000000
911451631,0.000000
911669090,0.000000
911885494,0.000000
912025788,0.000000
912165508,0.000000
912382449,0.000000
912522595,0.000000
912662704,0.000000
912879738,0.000000
913096586,0.000000
913313694,0.000000
913453525,0.000000
913593467,0.000000
913733891,0.000000
913874666,0.000000
914090607,0.000000
914307752,0.000000
914447583,0.000000
914587544,0.000000
914727504,0.000000
914867539,0.000000
915007463,0.000000
915148498,0.000000
915288496,0.000000
915505455,0.000000
915722359,0.000000
915862931,0.000000
916003651,0.000000
916145612,0.000000
916285572,0.000000
916425681,0.000000
916565383,0.000000
916782564,0.000000
916999357,0.000000
917216557,0.000000
917356370,0.000000
917496497,0.000000
917713549,0.000000
917853473,0.000000
917993360,0.000000
918210467,0.000000
918350539,0.000000
918490500,0.000000
918630424,0.000000
918847420,0.000000
918987659,0.000000
919128175,0.000000
919270451,0.000000
919410152,0.000000
919550261,0.000000
919767183,0.000000
919907163,0.000000
920124067,0.000000
920340156,0.000000
920557300,0.000000
920773890,0.000000
920914036,0.000000
921054552,0.000000
921193957,0.000000
921334177,0.000000
921550118,0.000000
921767300,0.000000
921984278,0.000000
922201163,0.000000
922418104,0.000000
922743562,0.000000
922888541,0.000000
923029150,0.000000
923246554,0.000000
923462847,0.000000
923679825,0.000000
923896673,0.000000
924036930,0.000000
924254260,0.000000
924394850,0.000000
924535570,0.000000
924752622,0.000000
924893620,0.000000
925034618,0.000000
925175690,0.000000
925316169,0.000000
925456722,0.000000
925614368,0.000000
925754810,0.000000
925895530,0.000000
926035621,0.000000
926175581,0.000000
926392707,0.000000
926609519,0.000000
926826478,0.000000
926966513,0.000000
927108900,0.000000
927249601,0.000000
927390895,0.000000
927531412,0.000000
927748649,0.000000
927964479,0.000000
928181494,0.000000
928321603,0.000000
928462897,0.000000
928605598,0.000000
928748300,0.000000
928965666,0.000000
929182533,0.000000
929322494,0.000000
929539602,0.000000
929680433,0.000000
929820653,0.000000
930037538,0.000000
930178610,0.000000
930319534,0.000000
930666658,0.000000
930807619,0.000000
931023560,0.000000
931241167,0.000000
931381498,0.000000
931598791,0.000000
931815473,0.000000
931955415,0.000000
932172486,0.000000
932312724,0.000000
932453481,0.000000
932800457,0.000000
932940566,0.000000
933157396,0.000000
933374429,0.000000
933514483,0.000000
933731590,0.000000
933872477,0.000000
934013530,0.000000
934360414,0.000000
934500523,0.000000
934641576,0.000000
934782666,0.000000
934998533,0.000000
935223233,0.000000
935363564,0.000000
935710929,0.000000
935851501,0.000000
935991517,0.000000
936131515,0.000000
936272494,0.000000
936413696,0.000000
936554342,0.000000
936771042,0.000000
936987427,0.000000
937204405,0.000000
937421495,0.000000
937561400,0.000000
937701453,0.000000
937841914,0.000000
938058484,0.000000
938199390,0.000000
938423330,0.000000
938563495,0.000000
938780510,0.000000
938997377,0.000000
939221799,0.000000
939362538,0.000000
939504424,0.000000
939647292,0.000000
939788438,0.000000
939929677,0.000000
940070508,0.000000
940211469,0.000000
940351374,0.000000
940492483,0.000000
940633462,0.000000
940774404,0.000000
940915457,0.000000
941056214,0.000000
941196453,0.000000
941413320,0.000000
941630483,0.000000
941847313,0.000000
942064884,0.000000
942205529,0.000000
942346231,0.000000
1344122641,0.000000
1344264305,0.000000
1344405025,0.000000
1344621948,0.000000
1344837778,0.000000
1344977794,0.000000
1345195013,0.000000
1345335974,0.000000
1345477027,0.000000
1345823781,0.000000
1345963945,0.000000
1346104943,0.000000
1346245903,0.000000
1346385698,0.000000
1346603027,0.000000
1346744655,0.000000
1346885004,0.000000
1347237036,0.000000
1347378145,0.000000
1347519179,0.000000
1347659974,0.000000
1347800564,0.000000
1347941913,0.000000
1348158947,0.000000
1348375870,0.000000
1348591811,0.000000
1348808863,0.000000
1349025878,0.000000
1349242819,0.000000
1349459889,0.000000
1349600739,0.000000
1349740829,0.000000
1349882734,0.000000
1350022806,0.000000
1350162711,0.000000
1350302691,0.000000
1350442929,0.000000
1350659703,0.000000
1350799609,0.000000
1350940125,0.000000
1351158140,0.000000
1351298953,0.000000
1351515857,0.000000
1351655780,0.000000
1351795852,0.000000
1351938683,0.000000
1352079273,0.000000
1352219827,0.000000
1352359806,0.000000
1352499804,0.000000
1352639746,0.000000
1352856854,0.000000
1353074350,0.000000
1353290847,0.000000
1353507806,0.000000
1353648952,0.000000
1353864838,0.000000
1354081853,0.000000
1354222813,0.000000
1354438958,0.000000
1354655695,0.000000
1354872784,0.000000
1355013579,0.000000
1355155410,0.000000
1355295722,0.000000
1355435701,0.000000
1355652698,0.000000
1355792714,0.000000
1355933786,0.000000
1356280836,0.000000
1356421723,0.000000
1356561591,0.000000
1356701644,0.000000
1356841957,0.000000
1356982603,0.000000
1357124786,0.000000
1357266228,0.000000
1357484687,0.000000
1357624592,0.000000
1357764535,0.000000
1357904792,0.000000
1358121696,0.000000
1358339359,0.000000
1358555855,0.000000
1358696649,0.000000
1358912739,0.000000
1359130791,0.000000
1359347176,0.000000
1359487933,0.000000
1359704707,0.000000
1359844631,0.000000
1359985703,0.000000
1360201588,0.000000
1360341679,0.000000
1360558453,0.000000
1360775764,0.000000
1360916744,0.000000
1361133648,0.000000
1361274627,0.000000
1361490994,0.000000
1361631658,0.000000
1361848618,0.000000
1362065522,0.000000
1362205594,0.000000
1362346647,0.000000
1362693641,0.000000
1362834732,0.000000
1362975674,0.000000
1363192504,0.000000
1363332816,0.000000
1363550035,0.000000
1363690514,0.000000
1363830753,0.000000
1363972547,0.000000
1364112619,0.000000
1364252468,0.000000
1364392651,0.000000
1364532649,0.000000
1364672554,0.000000
1364812663,0.000000
1365029604,0.000000
1365246693,0.000000
1365386635,0.000000
1365527504,0.000000
1365669927,0.000000
1365810703,0.000000
1365951719,0.000000
1366091606,0.000000
1366231640,0.000000
1366372472,0.000000
1366513525,0.000000
1366730040,0.000000
1366946685,0.000000
1367163811,0.000000
1367304642,0.000000
1367445566,0.000000
1367661507,0.000000
1367878633,0.000000
1368095666,0.000000
1368312774,0.000000
1368529382,0.000000
1368669435,0.000000
1368810988,0.000000
1369158723,0.000000
1369301610,0.000000
1369518570,0.000152
1369659419,0.000000
1369799676,0.000000
1370146448,0.000000
1370286557,0.000000
1370503498,0.000000
1370720643,0.000000
1370937936,0.000000
1371078582,0.000000
1371296115,0.000000
1371436632,0.000000
1371577444,0.000000
1371793496,0.000000
1372010511,0.000000
1372151565,0.000000
1372291507,0.000000
1372638298,0.000000
1372778314,0.000000
1372918589,0.000000
1373059476,0.000000
1373275399,0.000000
1373492377,0.000000
1373632430,0.000000
1373772298,0.000000
1373989591,0.000000
1374206476,0.000000
1374423510,0.000000
1374640414,0.000000
1374781504,0.000000
1374922483,0.000000
1375140943,0.000000
1375281441,0.000000
1375505382,0.000000
1375721508,0.000000
1375938430,0.000000
1376156112,0.000000
1376372405,0.000000
1376513421,0.000000
1376654604,0.000000
1376870415,0.000000
1377010302,0.000000
1377227947,0.000000
1377444462,0.000000
1377661514,0.000000
1377802308,0.000000
1377942287,0.000000
1378159450,0.000000
1378376317,0.000000
1378517519,0.000000
1378658331,0.000000
1378799311,0.000000
1378939493,0.000000
1379079584,0.000000
1379228637,0.000000
1379443967,0.000000
1379660982,0.000000
1379877960,0.000000
1380094901,0.000000
1380311342,0.000000
1380527876,0.000000
1380666910,0.000000
1380805853,0.000000
1381029942,0.000000
1381246994,0.000000
1381386399,0.000000
1381603025,0.000000
1381819948,0.000000
1381958945,0.000000
1382175831,0.000000
1382314884,0.000000
1382454252,0.000000
1382592991,0.000000
1382954781,0.000000
1383120075,0.000000
1383313146,0.000000
1383529957,0.000000
1383745454,0.000000
1383886470,0.000000
1384027283,0.000000
1384169466,0.000000
1384312297,0.000000
1384529553,0.000000
1384670217,0.000000
1384887251,0.000000
1385103266,0.000000
1385243337,0.000000
1385460204,0.000000
1385677349,0.000000
1385818476,0.000000
1386034214,0.000000
1386174249,0.000000
1386314209,0.000000
1386531521,0.000000
1386748184,0.000000
1386965440,0.000000
1387107789,0.000000
1387323267,0.000000
1387464432,0.000000
1387680817,0.000000
1387821111,0.000000
1387961313,0.000000
1388308177,0.000000
1388448231,0.000000
1388665135,0.000000
1388805244,0.000000
1388946130,0.000000
1389293347,0.000000
1389434178,0.000000
1389658249,0.000000
1389874060,0.000000
1390091242,0.000000
1390232332,0.000000
1390456365,0.000000
1390673269,0.000000
1390814656,0.000000
1391030171,0.000000
1391247705,0.000000
1391388184,0.000000
1391529052,0.000000
1391876769,0.000000
1392019100,0.000000
1392236133,0.000000
1392376298,0.000000
1392516203,0.000000
1392657090,0.000000
1392797032,0.000000
1392937641,0.000000
1393078213,0.000000
1393219118,0.000000
1393359171,0.000000
1393500150,0.000000
1393716165,0.000000
1393933514,0.000000
1394074271,0.000000
1394214898,0.000000
1394356229,0.000000
1394497023,0.000000
1394713112,0.000000
1394930165,0.000000
1395070496,0.000000
1395220752,0.000000
1395363158,0.000000
1395580191,0.000000
1395797188,0.000000
1396013073,0.000000
1396230125,0.000000
1396370197,0.000000
1396511139,0.000000
1396858078,0.000000
1396997965,0.000000
1397215165,0.000000
1397432199,0.000000
1397649195,0.000000
1397789915,0.000000
1397930061,0.000000
1398147465,0.000000
1398364351,0.000000
1398580754,0.000000
1398797195,0.000000
1398937915,0.000000
1399078024,0.000000
1399295632,0.000000
1399512091,0.000000
1399653071,0.000000
1399870012,0.000000
1400009935,0.000000
1400150155,0.000000
1400293375,0.000000
1400435947,0.000000
1400653166,0.000000
1400870033,0.000000
1401085937,0.000000
1401225990,0.000000
1401442894,0.000000
1401582966,0.000000
1401724130,0.000000
1401867035,0.000000
1402009904,0.000000
1402149938,0.000000
1402367268,0.000000
1402583968,0.000000
1402723892,0.000000
1402863908,0.000000
1403004017,0.000000
1403231403,0.000000
1403372437,0.000000
1403512935,0.000000
1403654118,0.000000
1403870985,0.000000
1404011131,0.000000
1404151925,0.000000
1404499438,0.000000
1404641899,0.000000
1404858969,0.000000
1404999041,0.000000
1405139076,0.000000
1405280129,0.000000
1405496441,0.000000
1405712882,0.000000
1405853139,0.000000
1405993970,0.000000
1406210003,0.000000
1406426907,0.000000
1406643941,0.000000
1406860882,0.000000
1407000750,0.000000
1407142099,0.000000
1407284190,0.000000
1407427299,0.000000
1407568259,0.000000
1407785256,0.000000
1408001012,0.000000
1408142195,0.000000
1408282970,0.000000
1408424857,0.000000
1408567892,0.000000
1408707908,0.000000
1408847906,0.000000
1408987959,0.000000
1409128086,0.000000
1409268992,0.000000
1409409897,0.000000
1409625819,0.000000
1409765928,0.000000
1409982869,0.000000
1410199921,0.000000
1410416992,0.000000
1410633822,0.000000
1410774171,0.000000
1410997834,0.000000
1411138758,0.000000
1411278978,0.000000
1411496067,0.000000
1411712878,0.000000
1411929819,0.000000
1412145927,0.000000
1412362683,0.000000
1412579920,0.000000
1412720659,0.000000
1412936748,0.000000
1413154022,0.000000
1413294890,0.000000
1413511831,0.000000
1413652829,0.000000
1413870418,0.000000
1414085767,0.000000
1414302856,0.000000
1414443853,0.000000
1414584944,0.000000
1414808644,0.000000
1415025807,0.000000
1415167768,0.000000
1415308858,0.000000
1415533040,0.000152
1415673778,0.000000
1415813758,0.000000
1416031291,0.000000
1416247825,0.000000
1416464710,0.000000
1416604615,0.000000
1416744669,0.000000
1416961813,0.000000
1417178958,0.000000
1417395714,0.000000
1417535878,0.000000
1417676728,0.000000
1418023648,0.000000
1418163794,0.000000
1418380772,0.000000
1418597935,0.000000
1418814710,0.000000
1419039002,0.000000
1419181222,0.000000
1419397089,0.000000
1419612771,0.000000
1419829712,0.000000
1419969765,0.000000
1420110708,0.000000
1420458017,0.000000
1420598681,0.000000
1420738827,0.000000
1420955750,0.000000
1421172617,0.000000
1421389761,0.000000
1421530759,0.000000
1421754848,0.000000
1421971771,0.000000
1422187823,0.000000
1422404671,0.000000
1422621742,0.000000
1422838775,0.000000
1423055753,0.000000
1423197121,0.000000
1423338027,0.000000
1423561708,0.000000
1423778686,0.000000
1423919777,0.000000
1424135643,0.000000
1424276771,0.000000
1424417972,0.000000
1424633747,0.000000
1424773726,0.000000
1424990667,0.000000
1425207737,0.000000
1425425030,0.000000
1425641619,0.000000
1425781636,0.000000
1425921689,0.000000
1426064594,0.000000
1426204666,0.000000
1426345682,0.000000
1426486958,0.000000
1426627807,0.000000
1426768583,0.000000
1426908507,0.000000
1427048597,0.000000
1427266019,0.000000
1427406647,0.000000
1427548071,0.000000
1427895621,0.000000
1428038618,0.000000
1428178542,0.000000
1428318743,0.000000
1428459482,0.000000
1428599869,0.000000
1428740552,0.039062
1428881568,0.000000
1429021510,0.000000
1429162637,0.000000
1429378615,0.000000
1429518354,0.000000
1429659018,0.000000
1429799572,0.000000
1430016531,0.000000
1430233731,0.000000
1430374600,0.000000
1430591670,0.000000
1430732353,0.000000
1430872406,0.000000
1431014534,0.000000
1431158661,0.000000
1431374787,0.000000
1431590876,0.000000
1431731967,0.000000
1431948426,0.000000
1432164645,0.000000
1432381568,0.000000
1432522621,0.000000
1432663600,0.000000
1433010520,0.000000
1433150426,0.000000
1433367478,0.000000
1433584474,0.000000
1433801971,0.000000
1433942543,0.000000
1434159576,0.000000
1434375517,0.000000
1434592532,0.000152
1434733419,0.000000
1434873787,0.000000
1435099487,0.000000
1435307984,0.000000
1435524573,0.000000
1435665497,0.000000
1435806365,0.000000
1436022343,0.000000
1436239617,0.000000
1436380430,0.000000
1436520483,0.000000
1436737350,0.000000
1436954809,0.000000
1437171547,0.000000
1437388358,0.000000
1437604484,0.000000
1437745519,0.000000
1437886443,0.000000
1438028922,0.000000
1438171494,0.000000
1438311399,0.000000
1438528525,0.000000
1438669467,0.000000
1438810372,0.000000
1438952352,0.000000
1439096794,0.000000
1439312642,0.000000
1439453584,0.000000
1439669377,0.000000
1439886429,0.000000
1440027557,0.000000
1440168314,0.000000
1440309478,0.000000
1440450698,0.000000
1440666343,0.000000
1440883321,0.000000
1441100447,0.000000
1441241315,0.000000
1441457275,0.000000
1441597347,0.000000
1441814232,0.000000
1442031303,0.000000
1442171763,0.000000
1442312335,0.000000
1442454148,0.000000
1442594423,0.000000
1442734199,0.000000
1442951399,0.000000
1443093378,0.000000
1443316430,0.000000
1443532445,0.000000
1443749275,0.000000
1443966346,0.000000
1444107344,0.000000
1444248341,0.000000
1444595262,0.000000
1444735334,0.000000
1444875202,0.000000
1445092383,0.000000
1445309454,0.000000
1445450544,0.000000
1445666356,0.000000
1445883334,0.000000
1446100312,0.000000
1446316290,0.000000
1446533379,0.000000
1446750450,0.000000
1446967409,0.000000
1447185183,0.000000
1447325459,0.000000
1447542233,0.000000
1447682287,0.000000
1447823210,0.000000
1448170353,0.000000
1448310166,0.000000
1448527884,0.000000
1448744288,0.000000
1448961488,0.000000
1449102301,0.000000
1449319390,0.000000
1449460129,0.000000
1449676088,0.000000
1449893437,0.000000
1450110192,0.000000
1450251375,0.000000
1450468353,0.000000
1450609592,0.000000
1450825348,0.000000
1451042196,0.000000
1451259637,0.000000
1451476374,0.000000
1451617779,0.000000
1451758314,0.000000
1451899293,0.000000
1452039217,0.000000
1452180178,0.000000
1452320120,0.000000
1452460285,0.000000
1452601208,0.000000
1452742687,0.000000
1452959332,0.000000
1453100089,0.000000
1453316234,0.000000
1453533193,0.000000
1453750542,0.000000
1453891002,0.000000
1454031259,0.000000
1454173276,0.000000
1454313051,0.000000
1454453401,0.000000
1454594232,0.000000
1454735137,0.000000
1454875209,0.000000
1455093280,0.000000
1455234185,0.000000
1455375238,0.000000
1455516365,0.000000
1455732140,0.000000
1455949081,0.000000
1456166151,0.000000
1456382148,0.000000
1456599237,0.000000
1456816178,0.000000
1456957176,0.000000
1457172987,0.000000
1457390169,0.000000
1457607110,0.000000
1457748071,0.000000
1457888031,0.000000
1458028196,0.000000
1458245285,0.000000
1458462096,0.000000
1458602131,0.000000
1458819146,0.000000
1459036606,0.000000
1459253769,0.000000
1459470358,0.000000
1459611152,0.000000
1459752242,0.000000
1459968054,0.000000
1460185032,0.000000
1460325104,0.000000
1460465101,0.000000
1460605025,0.000000
1460822077,0.000000
1460962093,0.000000
1461103536,0.000000
1461246126,0.000000
1461389068,0.000000
1461528992,0.000000
1461745822,0.000000
1461886097,0.000000
1462103668,0.000000
1462244147,0.000000
1462461051,0.000000
1462601178,0.000000
1462817971,0.000000
1463035042,0.000000
1463252650,0.000000
1463393129,0.000000
1463534052,0.000000
1463880843,0.000000
1464021026,0.000000
1464161987,0.000000
1464301985,0.000000
1464441927,0.000000
1464659072,0.000000
1464798958,0.000000
1464939030,0.000000
1465079046,0.000000
1465220100,0.000000
1465435948,0.000000
1465653167,0.000000
1465870034,0.000000
1466010883,0.000000
1466150937,0.000000
1466293379,0.000000
1466436025,0.000000
1466653058,0.000000
1466870055,0.000000
1467011127,0.000000
1467152884,0.000000
1467293159,0.000000
1467434083,0.000000
1467575118,0.000000
1467716078,0.000000
1467932038,0.000000
1468148831,0.000000
1468288903,0.000000
1468429215,0.000000
1468570028,0.000000
1468710803,0.000000
1468926948,0.000000
1469067001,0.000000
1469207166,0.000000
1469424625,0.000000
1469565030,0.000000
1469705806,0.000000
1469921895,0.000000
1470139151,0.000000
1470355944,0.000000
1470572922,0.000000
1470713771,0.000000
1470854028,0.000000
1471070858,0.000000
1471288707,0.000000
1471428853,0.000000
1471645997,0.000000
1471863049,0.000000
1472079879,0.000000
1472219933,0.000000
1472360782,0.000000
1874146772,0.000000
1874294177,0.000000
1874439026,0.000000
1874655523,0.039062
1874796761,0.000000
1874937389,0.000000
1875154996,0.000000
1875370382,0.000000
1875587656,0.000000
1875728561,0.000000
1875869596,0.000000
2277712474,0.000000
2277853471,0.000000
2277994710,0.000000
2278135208,0.000000
2278276150,0.000000
2278417148,0.000000
2278634200,0.000000
2278851159,0.000000
2278992657,0.000000
2279133155,0.000000
2279350040,0.000000
2279567407,0.000000
2279707886,0.000000
2279925216,0.000000
2280141102,0.000000
2280282118,0.000000
2280498152,0.000000
2280714981,0.000000
2280932108,0.000000
2281073587,0.000000
2281214251,0.000000
2281561116,0.000000
2281702114,0.000000
2281918055,0.000000
2282135570,0.000000
2282276142,0.000000
2282493175,0.000000
2282633877,0.000000
2282774189,0.000000
2283122776,0.000000
2283265145,0.000000
2283481271,0.000000
2283698341,0.000000
2283915005,0.000000
2284132205,0.000000
2284349016,0.000000
2284490144,0.000000
2284631456,0.000000
2284772324,0.000000
2284916211,0.000000
2285057838,0.000000
2285206114,0.000000
2285422536,0.000000
2285563423,0.000000
2285780716,0.000000
2285921176,0.000000
2286062526,0.000000
2286279856,0.000000
2286421261,0.000000
2286562240,0.000000
2286779163,0.000000
2286920160,0.000000
2287137564,0.000000
2287278173,0.000000
2287419078,0.000000
2287636797,0.000000
2287778295,0.000000
2287918996,0.000000
2288136882,0.000000
2288355397,1.640634
2288714354,1.640627
2288854926,1.572254
2289071941,1.679754
2289211791,1.620980
2289430806,1.523491
2289572359,1.611225
2289788652,1.621190
2290005148,1.640418
2290222256,1.601563
2290439012,1.640354
2290654971,1.601569
2290871894,1.606484
2291012762,1.640409
2291154149,1.611260
2291369904,1.640386
2291587475,1.621205
2291728102,1.640397
2291944877,1.601570
2292085800,1.611248
2292301778,1.640401
2292441980,1.601583
2292658939,1.606490
2292799845,1.611246
2292940861,1.640410
2293082822,1.640409
2293225782,1.611217
2293442705,1.611191
2293659423,1.601629
2293875809,1.621011
2294016862,1.611321
2294157749,1.621191
2294504836,1.640603
2294646426,1.640449
2294786850,1.640406
2294926922,1.611235
2295143863,1.640374
2295360841,1.640418
2295500820,1.606496
2295718150,1.601634
2295934869,1.601557
2296151865,1.601635
2296368806,1.611253
2296584692,1.650247
2296724856,1.640406
2296941945,1.679673
2297082980,1.606562
2297223700,1.640588
2297440863,1.621205
2297656841,1.611309
2297798228,1.640628
2297939170,1.611246
2298155870,1.640400
2298296831,1.640662
2298436903,1.640639
2298783749,1.640591
2298925340,1.640384
2299140910,1.640551
2299357703,1.640595
2299497793,1.640595
2299638847,1.621198
2299863010,1.611243
2300079099,1.621010
2300296058,1.640401
2300512851,1.640443
2300653942,1.621171
2300794662,1.640624
2301142008,1.640439
2301282821,1.640665
2301424429,1.640678
2301565168,1.640661
2301706258,1.640653
2301847682,1.650270
2302065012,1.640471
2302280527,1.640674
2302499190,1.650246
2302639854,1.640684
2302780778,1.679626
2302921887,1.640627
2303138365,1.640647
2303354991,1.621171
2303571636,1.621012
2303788873,1.611222
2303929686,1.640421
2304070517,1.621014
2304211570,1.640632
2304352920,1.640595
2304493640,1.611279
2304717562,1.611232
2304933725,1.621186
2305151129,1.611267
2305367867,1.562551
2305584937,1.640661
2305725916,1.640643
2305866692,1.679708
2306083670,1.611305
2306224927,1.640459
2306365610,1.611277
2306582625,1.606520
2306798659,1.601569
2307015618,1.640396
2307249114,1.621197
2307389834,0.429732
2307532628,0.000000
2307749718,0.000000
2307966881,0.000000
2308107656,0.000000
2308248543,0.000000
2308465595,0.000000
2308681721,0.000000
2308898570,0.000000
2309115437,0.000000
2309255731,0.000000
2309396895,0.000000
2309538485,0.000000
2309678483,0.000000
2309818499,0.000000
2310035663,0.000000
2310175716,0.000000
2310316640,0.000000
2310540636,0.000000
2310757521,0.000000
2310973518,0.000000
2311190533,0.000000
2311331568,0.000000
2311472936,0.000000
2311820597,0.000000
2311963502,0.000000
2312180369,0.000000
2312320404,0.000000
2312537956,0.000000
2312754434,0.000000
2312894524,0.000000
2313035485,0.000000
2313251593,0.000000
2313468386,0.000000
2313685364,0.000000
2313825436,0.000000
2313965582,0.000000
2314108431,0.000000
2314248633,0.000000
2314389334,0.000000
2314529610,0.000000
2314765532,0.000000
2314963584,0.000000
2315180451,0.000000
2315320541,0.000000
2315461521,0.000000
2315603278,0.000000
2315743387,0.000000
2315883421,0.000000
2316023438,0.000000
2316163509,0.000000
2316304489,0.000000
2316446412,0.000000
2316663853,0.000000
2316804481,0.000000
2316945349,0.000000
2317086310,0.000000
2317226363,0.000000
2317366453,0.000000
2317506488,0.000000
2317647486,0.000000
2317863538,0.000000
2318080775,0.000000
2318298031,0.000000
2318438844,0.000000
2318655507,0.000000
2318797227,0.000000
2318937595,0.000000
2319286867,0.000000
2319428809,0.000000
2319645528,0.000000
2319786489,0.000000
2320003356,0.000000
2320143446,0.000000
2320283592,0.000000
2320508200,0.000000
2320648771,0.000000
2320866064,0.000000
2321083135,0.000000
2321299002,0.000000
2321520461,0.000000
2321734143,0.000000
2321950528,0.000000
2322167914,0.000000
2322386651,0.000000
2322527964,0.000000
2322669517,1.640606
2323104862,1.640297
2323247508,1.640450
2323388209,1.601628
2323528429,1.640560
2323752407,1.679667
2323893294,1.611316
2324033662,1.606548
2324175363,1.640439
2324316343,1.611250
2324532265,1.601629
2324749317,1.620985
2324966536,1.611294
2325182329,1.640460
2325323234,1.640588
2325463287,1.630805
2325606396,1.640584
2325749338,1.621194
2325966390,1.640470
2326106833,1.640395
2326323311,1.640592
2326540252,1.640431
2326757267,1.601630
2326974282,1.679669
2327115391,1.650242
2327256370,1.650303
2327397534,1.640564
2327540365,1.640408
2327757288,1.640404
2327974303,1.640663
2328114227,1.611296
2328254761,1.640589
2328602274,1.640457
2328745254,1.611232
2328962269,1.640603
2329102285,1.611294
2329243709,1.640604
2329385225,1.621180
2329525149,1.611259
2329665146,1.620983
2329882180,1.640437
2330099232,1.601615
2330316691,1.621207
2330457319,1.640427
2330598168,1.601634
2330739185,1.621205
2330879164,1.640617
2331019180,1.640442
2331159345,1.621187
2331376767,1.640567
2331593412,1.640648
2331810316,1.621008
2332027275,1.640465
2332168273,1.640414
2332384159,1.620997
2332601137,1.640604
2332741190,1.611286
2332882206,1.640632
2333022297,1.640612
2333239238,1.606513
2333456623,1.640601
2333597213,1.660070
2333737155,1.640441
2333961300,1.679531
2334102224,1.645543
2334243129,1.640626
2334591160,1.684573
2334734380,1.640728
2334875563,1.640694
2335016561,0.273445
2335157707,0.000000
2335300668,0.000000
2335517701,0.000000
2335734457,0.000000
2335875344,0.000000
2336092470,0.000000
2336233671,0.000000
2336374206,0.000000
2336515630,0.000000
2336658868,0.000000
2336875272,0.000000
2337016400,0.000000
2337157083,0.000000
2337299728,0.000000
2337444578,0.000000
2337585668,0.000000
2337811202,0.000000
2337951718,0.000000
2338168937,0.000152
2338311083,0.000000
2338475913,1.620986
2338679651,1.562612
2338896036,1.640378
2339036238,1.601569
2339177495,1.601612
2339393047,1.601550
2339610266,1.611197
2339751412,1.640346
2339892150,1.601596
2340109017,1.572259
2340324995,1.640362
2340542084,1.620983
2340759007,1.640613
2340899078,1.611304
2341040113,1.640645
2341386941,1.650248
2341527068,1.640582
2341666955,1.640578
2341807045,1.640633
2341948117,1.621005
2342172132,1.621183
2342312093,1.640450
2342452054,1.611277
2342668958,1.640408
2342886547,1.640575
2343027285,1.640596
2343252652,1.640463
2343467130,1.640659
2343684127,1.650268
2343824958,1.660059
2343966363,1.650251
2344182156,1.640456
2344399189,1.640690
2344539965,1.650257
2344679907,1.640651
2344821960,1.640417
2344961977,1.640608
2345101956,1.640633
2345241972,1.650243
2345381822,1.640630
2345523005,1.620995
2345738964,1.640364
2345956146,1.611294
2346172994,1.640550
2346389010,1.640612
2346605988,1.640657
2346745948,1.640448
2346886946,1.621208
2347235033,1.640635
2347377123,1.621201
2347593990,1.606529
2347811042,1.640597
2347951874,1.640615
2348169592,1.640691
2348309960,1.640680
2348450940,1.640654
2348591993,1.640674
2348735009,1.640629
2348952172,1.660053
2349092818,1.650260
2349316944,1.611328
2349534052,1.640696
2349674939,1.660052
2349814733,1.650301
2349956860,1.640678
2350096913,1.640647
2350313891,1.640455
2350530944,1.679493
2350670978,1.650285
2350887845,1.650298
2351027991,1.650255
2351169304,1.640646
2351312894,1.689303
2351455170,1.718582
2351596130,0.155903
2351737498,0.000000
2351878126,0.000000
2352019179,0.000000
2352160732,0.000000
2352301175,0.000000
2352518671,0.000000
2352659336,0.000000
2352876203,0.000152
2353017182,0.000000
2353157920,0.000000
2353299270,0.000000
2353440842,0.000000
2353582876,0.000000
2353799225,0.000000
2354016499,0.000000
2354233403,0.000000
2354374308,0.000000
2354515491,0.000000
2354656878,0.000000
2354799376,0.000000
2355017446,0.000000
2355273238,0.000000
2355414347,0.000000
2355762175,0.000000
2355904784,0.000000
2356045134,0.000000
2356268815,0.000000
2356484867,0.000000
2356701827,0.000000
2356842806,0.000000
2356982915,0.000000
2357199986,0.000000
2357340872,0.000000
2357565239,0.000000
2357781976,0.000000
2357922770,0.000000
2358138896,0.000000
2358355912,0.000000
2358496817,0.000000
2358638240,0.000000
2358853941,0.000000
2358994864,0.000000
2359135955,0.000000
2359482671,0.000000
2359622817,0.000000
2359763982,0.000000
2359904831,0.000000
2360120772,0.000000
2360337658,0.000000
2360477878,0.000000
2360694782,0.000000
2360911760,0.000000
2361128830,0.000000
2361269810,0.000000
2361486047,0.000000
2361626730,0.000000
2361768320,0.000000
2361983909,0.000000
2362200813,0.038909
2362341811,0.000000
2362481772,0.000000
2362623603,0.000000
2362763841,0.000000
2362904746,0.000000
2363120891,0.000000
2363338054,0.000000
2363478645,0.000000
2363618624,0.000000
2363965693,0.000000
2364105616,0.000000
2364245688,0.000000
2364462648,0.000000
2364602627,0.000000
2364742643,0.000000
2364960066,0.000000
2365176858,0.000000
2365393744,0.039062
2365534834,0.000000
2365675573,0.000000
2365816515,0.000000
2365957050,0.000000
2366097844,0.000000
2366238656,0.000000
2366378691,0.000000
2366595651,0.000000
2366812629,0.000000
2367029940,0.000000
2367247437,0.000000
2367462952,0.000000
2367603635,0.000000
2367820724,0.000000
2367962036,0.000000
2368179514,0.000000
2368321253,0.000000
2368539453,0.000000
2368679617,0.000000
2368819837,0.000000
2369043686,0.000000
2369259942,0.000000
2369400976,0.000000
2369620362,0.000000
2369761878,0.000000
2369979263,0.000000
2370139557,0.000000
2370280611,0.000001
2370420997,0.000000
2370638420,0.000000
2370854953,0.000000
2371072265,0.000000
2371238484,0.000152
2371379278,0.000000
2371519906,0.000000
2371741884,0.000000
2371893900,1.406074
2372036749,1.611197
2372253949,1.601628
2372469613,1.621176
2372686424,1.611272
2372826644,1.601589
2373043511,1.621170
2373183472,1.611286
2373324673,1.640434
2373466467,1.601619
2373606502,1.601622
2373746574,1.611248
2373887572,1.640411
2374027551,1.601609
2374244529,1.611241
2374384823,1.640397
2374525432,1.640576
2374668448,1.611241
2374811483,1.640408
2374951518,1.611231
2375168662,1.640643
2375385788,1.640587
2375602563,1.640534
2375743338,1.621200
2375883614,1.620980
2376107592,1.621197
2376248478,1.640405
2376389532,1.640443
2376605732,1.640439
2376822506,1.640646
2376962652,1.640635
2377179649,1.640628
2377396442,1.640597
2377613512,1.640448
2377754343,1.611269
2377978284,1.611210
2378195503,1.640633
2378335482,1.611282
2378553016,1.611262
2378693514,1.640439
2378834382,1.640643
2378976491,1.640597
2379119599,1.640662
2379260634,1.640637
2379401317,1.640638
2379748478,1.640588
2379889291,1.611293
2380029289,1.650388
2380169453,1.640595
2380309525,1.611303
2380526503,1.640347
2380743481,1.640604
2380884349,1.611297
2381024421,1.601609
2381164270,1.640557
2381381378,1.640374
2381598245,1.601630
2381815501,1.640624
2381955480,1.621016
2382096422,1.640641
2382238476,1.640647
2382379196,1.611325
2382519249,1.640445
2382736875,1.621180
2382877354,1.640598
2383017371,1.640672
2383159331,1.640442
2383299311,1.679636
2383439290,1.640599
2383579325,1.611314
2383719230,1.606561
2383860691,1.640416
2384076483,1.640446
2384216481,1.611254
2384433330,1.679671
2384575105,1.640675
2384715529,1.660233
2384858564,1.640728
2385000506,1.640632
2385141374,1.679617
2385282594,1.806550
2385498553,1.718590
2385717698,1.640663
2385933232,1.679675
2386150691,1.640716
2386291596,1.650296
2386508389,1.650257
2386649535,1.640750
2386790440,1.679613
2387138953,1.660260
2387281469,1.650306
2387424745,0.156147
2387565446,0.000000
2387706611,0.000000
2387922570,0.000000
2388141122,0.000000
2388357082,0.000000
2388576356,1.640673
2388935684,1.645535
2389078793,1.640646
2389219476,1.601624
2389436398,1.640591
2389653376,1.645510
2389794226,1.640645
2389935279,1.611296
2390151590,1.640676
2390292199,1.640399
2390509399,1.640448
2390650249,1.611302
2390790154,1.640445
2390932170,1.621208
2391072298,1.611294
2391297405,1.650375
2391438348,1.640439
2391579327,1.640660
2391720288,1.611299
2391936247,1.640655
2392153207,1.640468
2392370185,1.611306
2392587181,1.650261
2392803178,1.640715
2392944305,1.611266
2393160135,1.640423
2393377224,1.621199
2393594276,1.650365
2393735330,1.640691
2393876068,1.640646
2394017158,1.640641
2394157101,1.650267
2394297469,1.640724
2394438207,1.640599
2394579316,1.621184
2394795183,1.640643
2395012143,1.611319
2395237657,1.640644
2395461246,1.650246
2395602170,1.640621
2395743223,1.611288
2395959183,1.640430
2396176346,1.611284
2396317122,1.640424
2396534229,1.640611
2396675283,1.650239
2396891205,1.640607
2397108146,1.640402
2397325069,1.640446
2397542269,1.640623
2397683119,1.640434
2397899041,1.601624
2398116075,1.611282
2398256906,1.611294
2398397181,1.650266
2398744065,1.650271
2398884062,1.640450
2399024079,1.640262
2399164558,1.640589
2399305148,1.640598
2399444961,1.650241
2399588607,1.601574
2399729086,1.640647
2399869158,1.640576
2400093117,1.601610
2400309077,1.621183
2400526147,1.640616
2400666256,1.611300
2400807235,1.621182
2401031139,1.757820
2401248506,1.640666
2401389671,1.640676
2401530742,1.640396
2401671444,1.640675
2401814849,1.640688
2402032401,1.562530
2402173399,1.679504
2402316119,1.679663
2402456265,1.640668
2402598262,1.650239
2402815389,1.640688
2402956331,1.640675
2403102977,1.640653
2403243123,1.640646
2403460267,1.650278
2403600080,1.640657
2403815799,1.621207
2404033258,1.640632
2404249829,1.611326
2404467381,1.640460
2404685488,1.621199
2404900485,1.640657
2405064668,1.640455
2405421958,1.611299
2405561549,1.601630
2405777619,1.611211
2405994690,1.640330
2406211575,1.601561
2406428590,1.611179
2406645698,1.611264
2406784788,1.640517
2406923990,1.640380
2407062617,1.640342
2407289503,1.611265
2407505036,1.611281
2407721903,1.611238
2407861956,1.640375
2408002936,1.611223
2408218840,1.640423
2408435929,1.621011
2408652796,1.645546
2408792830,1.640614
2409010068,1.606579
2409226657,1.640393
2409366618,1.640454
2409506708,1.640631
2409646687,1.650245
2409786704,1.640590
2410004311,1.640418
2410220956,1.611245
2410437804,1.640411
2410654745,1.640768
2410794928,1.640656
2410934685,1.640595
2411075127,1.640388
2411292365,1.601563
2411432770,1.640589
2411572712,1.621198
2411712784,1.611279
2411929966,1.621187
2412147351,1.640432
2412363755,1.640642
2412503605,1.650291
2412643677,1.640434
2412860636,1.621008
2413078040,1.640631
2413294759,1.611305
2413510903,1.621186
2413727622,1.640419
2413944656,1.640628
2414084524,1.640612
2414225151,1.640598
2414367890,1.640684
2414507573,1.640590
2414724866,1.640650
2414864863,1.611278
2415004528,1.611257
2415144859,1.640461
2415285097,1.611254
2415501742,1.640606
2415641740,1.611245
2415858588,1.640379
2416075696,1.611200
2416293100,1.640607
2416509708,1.611288
2416725686,1.611322
2416865609,1.640429
2417082680,1.699302
2417222567,1.640600
2417446730,1.562310
2417663615,1.640680
2417879982,1.717531
2418097590,1.640660
2418238736,1.640666
2418380659,1.644072
2418522342,1.640692
2418666581,1.635760
2418816263,1.650266
2418956928,1.640387
2419174202,1.621208
2419393476,1.640646
2419534956,1.640644
2419678324,1.650262
2419820544,1.640634
2419966875,0.078266
2420109224,0.000000
2420250722,0.000000
2420392164,0.000000
2420534051,0.000000
2420750196,0.000000
2420890675,0.000000
2421030599,0.000000
2421172726,0.000000
2421312761,0.000000
2421452795,0.000000
2421669625,0.000000
2421886715,0.000000
2422026527,0.000000
2422166562,0.000000
2422383725,0.000000
2422524686,0.000000
2422665591,0.000000
2423012419,0.000000
2423152713,0.000000
2423292470,0.000000
2423509689,0.000000
2423726519,0.000000
2423866664,0.000000
2424006755,0.000000
2424146493,0.000000
2424286473,0.000000
2424503636,0.000000
2424643652,0.000000
2424784409,0.000000
2424926407,0.000000
2425066442,0.000000
2425206513,0.000000
2425346641,0.000000
2425563600,0.000000
2425780838,0.000000
2425997631,0.000000
2426213534,0.000000
2426353458,0.000000
2426570510,0.000000
2426787803,0.000000
2427004614,0.000000
2427236574,0.000000
2427377460,0.000000
2427517384,0.000000
2427734344,0.000000
2427951599,0.000000
2428092671,0.000000
2428233595,0.000000
2428449499,0.000000
2428666551,0.000000
2428883807,0.000000
2429100544,0.000000
2429240394,0.000000
2429380391,0.000000
2429520389,0.000000
2429660461,0.000000
2429800329,0.000000
2430017529,0.000000
2430157435,0.000000
2430297284,0.000000
2430514484,0.000000
2430654593,0.000000
2430794369,0.000000
2430934478,0.000000
2431151530,0.000000
2431368434,0.000000
2431585301,0.000000
2431725521,0.000000
2431949369,0.000000
2432089793,0.000000
2432306567,0.000000
2432447417,0.000000
2432587396,0.000000
2432729320,0.000000
2432869410,0.000000
2433009352,0.000000
2433149665,0.000000
2433366809,0.000000
2433583713,0.000000
2433724730,0.000000
2433948930,0.000000
2434166537,0.000000
2434382515,0.000000
2434522587,0.000000
2434741454,0.000000
2434882100,0.000000
2435102263,0.000000
2435243243,0.000000
2435466387,0.000000
2435606292,0.000000
2435746346,0.000000
2435963472,0.000000
2436104395,0.000000
2436328503,0.000000
2436469445,0.000000
2436609295,0.000000
2436826236,0.000000
2437043362,0.000000
2437260766,0.000000
2437401523,0.000000
2437617742,0.000000
2437834886,0.000000
2438051457,0.000000
2438268509,0.000000
2438409414,0.000000
2438549449,0.000000
2438766538,0.000000
2438986961,0.000000
2439128810,0.000000
2439269734,0.000000
2439486934,0.000000
2439704708,0.000000
2439920261,0.000000
2440061332,0.000000
2440209552,1.298821
2440349328,1.640627
2440489696,1.611281
2440630231,1.601606
2440847450,1.572228
2441063372,1.601578
2441280091,1.611203
2441497606,1.601589
2441714417,1.640070
2441855415,1.611256
2441996320,1.640598
2442343333,1.611237
2442483164,1.650239
2442623199,1.611315
2442763363,1.640367
2442903454,1.640615
2443043229,1.606575
2443183431,1.640398
2443400409,1.621195
2443540666,1.611282
2443681404,1.640598
2444028288,1.611312
2444169286,1.611311
2444309283,1.650372
2444449226,1.640574
2444589446,1.640600
2444729203,1.621204
2444953162,1.611263
2445169270,1.640619
2445309082,1.611278
2445526208,1.640590
2445743057,1.611306
2445960201,1.611305
2446100236,1.640437
2446240253,1.640467
2446380269,1.640616
2446520118,1.611256
2446660042,1.621182
2446800244,1.611229
2446940315,1.640427
2447080054,1.621184
2447238755,1.650259
2447379290,1.621170
2447596268,1.640361
2447812746,1.611216
2448029261,1.640343
2448246091,1.640439
2448386163,1.601628
2448526068,1.611260
2448665899,1.640328
2448883173,1.640392
2449100188,1.533132
2449317148,1.718782
2449533293,1.650303
2450092358,1.640333
2450233745,1.621195
2450449797,1.640434
2450590405,1.640634
2450731385,1.621193
2450948196,1.640150
2451116267,1.650260
2451258062,1.640644
2451510446,1.640424
2451655592,1.640380
2451798423,1.640305
2451945051,1.611240
2452088252,1.640597
2452230602,1.640557
2452483098,1.640441
2452624892,1.640425
2452842129,1.640657
2453058551,1.640265
2453201531,1.640637
2453342491,1.640603
2453483267,1.640572
2453624320,1.621000
2453841520,1.640272
2453983481,1.621172
2454124053,1.621182
2454341827,1.621179
2454557657,1.640393
2454698433,1.611188
2454915948,1.620993
2455147666,1.601578
2455359867,1.601569
2455576974,1.620997
2455717083,1.601628
2455856877,1.611195
2456073818,1.601591
2456291037,1.601548
2456508126,1.611246
2456647828,1.601579
2456865046,1.601572
2457081802,1.601593
2457298947,1.611217
2457439000,1.601577
2457655941,1.562649
2457872919,1.640432
2458012917,1.601628
2458152859,1.601583
2458293283,1.572246
2458510002,1.640257
2458650018,1.640421
2458789812,1.621172
2458929791,1.640406
2459147047,1.640619
2459363988,1.611312
2459503967,1.640375
2459720964,1.640458
2459860962,1.611324
2460000719,1.640386
2460217863,1.640456
2460358287,1.640605
2460498951,1.640655
2460845761,1.621016
2460985888,1.611289
2461202885,1.611325
2461343031,1.640637
2461482788,1.650242
2461706840,1.640432
2461923744,1.660054
2462063778,1.640634
2462281071,1.611310
2462498123,1.640448
2462714824,1.640682
2462854840,1.640641
2462994893,1.640616
2463137817,1.611297
2463277796,1.640686
2463417849,1.621202
2463558088,1.640607
2463698919,1.645515
2463838806,1.640595
2464055895,1.640448
2464272854,1.640635
2464489851,1.650432
2464629700,1.640600
2464769976,1.611299
2464909640,1.640631
2465049805,1.640457
2465189691,1.582135
2465329930,1.640765
2465546945,1.640647
2465892606,0.390661
2466033289,0.000000
2466250267,0.000000
2466466782,0.000000
2466683445,0.000000
2466899905,0.000000
2467039903,0.000000
2467179956,0.000000
2467396730,0.000000
2467613783,0.000000
2467753854,0.000000
2467893945,0.000000
2468037054,0.000000
2468178570,0.000000
2468319308,0.000000
2468462899,0.000000
2468604452,0.000000
2468827985,0.000000
2468973816,0.000000
2469114647,0.000000
2469256108,0.000000
2469396791,0.000000
2469613843,0.000000
2469832118,0.000000
2470048133,0.000000
2470265388,0.000000
2470481052,0.000000
2470622475,0.000000
2470763306,0.000000
2470904878,0.000000
2471048080,0.000000
2471190318,0.000000
2471407092,0.000000
2471548535,0.000000
2471709384,1.640634
2471917251,1.640408
2472133859,1.640622
2472350818,1.640467
2472490501,1.601605
2472707757,1.621203
2472847588,1.621195
2472988086,1.640395
2473211545,1.601615
2473428764,1.640546
2473644686,1.640418
2473861535,1.611327
2474078531,1.611296
2474218566,1.640464
2474358545,1.640613
2474498580,1.620990
2474715762,1.640541
2474931666,1.640576
2475148885,1.611246
2475289771,1.606559
2475429547,1.621202
2475572508,1.640604
2475712765,1.650264
2475852633,1.640403
2476070092,1.620983
2476286570,1.650116
2476426642,1.645540
2476566399,1.640659
2476706582,1.640645
2476846635,1.601630
2477063410,1.601588
2477280480,1.611316
2477420608,1.611298
2477560643,1.640631
2477700492,1.640601
2477840731,1.611241
2478057375,1.650260
2478197855,1.640409
2478338649,1.621175
2478480535,1.640609
2478620607,1.611300
2478760568,1.611281
2478900640,1.640428
2479040601,1.640610
2479181728,1.640405
2479397669,1.611250
2479614480,1.640403
2479830514,1.611207
2480047455,1.640559
2480264877,1.640400
2480481559,1.611237
2480698463,1.640420
2480914608,1.611211
2481131382,1.621190
2481349082,1.660262
